Workbook

Sheet 01-Cân đôi
D1: Biểu số 01
A2: CÂN ĐỐI NGÂN SÁCH ĐỊA PHƯƠNG NĂM 2025
A3: (Kèm theo Nghị quyết số /NQ-HĐND ngày tháng 9 năm 2025 của HĐND xã Quang Sơn)
B4: Đơn vị tính: Triệu đồng
A5: STT | B5: Nội dung | C5: Dự toán năm 2025 | D5: Ghi chú
A7: A | B7: Thu ngân sách địa phương | C7: =C8+C11+C14+C16+C15 -> 124134
A8: I | B8: Thu NSĐP được hưởng theo phân cấp | C8: =C9+C10 -> 0
B9: Thu NSĐP hưởng 100% | C9: 0
B10: Thu NSĐP hưởng từ các khoản thu phân chia | C10: 0
A11: II | B11: Thu bổ sung từ ngân sách cấp trên | C11: =C12+C13 -> 110863
B12: Bổ sung cân đối | C12: 14866 | E12: =+C9-C12 -> -14866
B13: Bổ sung có mục tiêu | C13: 95997
A14: III | B14: Thu chuyển nguồn CCTL từ năm trước sang | C14: 5281
A15: IV | B15: Thu kết dư ngân sách | C15: 4868
A16: V | B16: Thu viện trợ, ủng hộ, đóng góp | C16: 3122
A17: B | B17: TỔNG CHI NGÂN SÁCH ĐỊA PHƯƠNG | C17: =C18+C25+C30+C29+C28 -> 124134.06 | E17: =+C11-C17 -> -13271.06
A18: I | B18: Tổng chi cân đối NSĐP | C18: =SUM(C19:C24) -> 93325
A19: 1 | B19: Chi đầu tư phát triển từ nguồn tiền đất | C19: 2683
A20: 2 | B20: Chi thường xuyên | C20: 88821
A21: 3 | B21: Chi trả nợ lãi các khoản do chính quyền địa phương vay
A22: 4 | B22: Chi bổ sung quỹ dự trữ tài chính
A23: 5 | B23: Dự phòng ngân sách | C23: 1821
A24: 6 | B24: Chi tạo nguồn, điều chỉnh tiền lương
A25: II | B25: Chi các chương trình mục tiêu | C25: =SUM(C26:C27) -> 17538.06
A26: - | B26: Chi các chương trình mục tiêu quốc gia | C26: 17303.06
A27: - | B27: Chi các chương trình mục tiêu nhiệm vụ | C27: 235 | D27: Phân bổ sau
A28: III | B28: Chi từ chuyển nguồn | C28: 5281
A29: IV | B29: Chi từ nguồn kết dư | C29: 4868
A30: III | B30: ='[1]bieu 2,3'!B39 -> Chi từ nguồn viện trợ, huy động, đóng góp | C30: 3122
A31: C | B31: BỘI CHI NSĐP
A32: D | B32: CHI TRẢ NỢ GỐC CỦA NSĐP | C32: =#REF!+#REF! -> #REF!
A33: 1 | B33: Chi từ nguồn vay để trả nợ gốc | C33: =#REF!+#REF! -> #REF!
A34: 2 | B34: Chi từ nguồn bội thu, tăng thu, tiết kiệm chi, kết dư ngân sách cấp tỉnh | C34: =#REF!+#REF! -> #REF!
A35: E | B35: TỔNG MỨC VAY CỦA NSĐP | C35: =#REF!+#REF! -> #REF!
A36: 1 | B36: Vay để bù đắp bội chi | C36: =#REF!+#REF! -> #REF!
A37: 2 | B37: Vay để trả nợ gốc | C37: =#REF!+#REF! -> #REF!

Sheet 02-Thu theo lĩnh vực
D1: Biểu số 02
A2: DỰ TOÁN THU NGÂN SÁCH NHÀ NƯỚC THEO LINH VỰC NĂM 2025
A3: ='01-Cân đôi'!A3:C3 -> (Kèm theo Nghị quyết số /NQ-HĐND ngày tháng 9 năm 2025 của HĐND xã Quang Sơn)
C4: ĐVT: Triệu đồng
A5: STT | B5: Chỉ tiêu | C5: Tổng thu NSNN | D5: Thu NSĐP
A7: 1 | B7: 2 | C7: 3 | D7: 4
B8: THU NSNN TRÊN ĐỊA BÀN | C8: =C11+C50+C51 -> 17729.279 | D8: =D11+D50+D51 -> 0
B9: Thu NSNN trên địa bàn trừ tiền sử dụng đất, thu từ hoạt động xổ số kiến thiết | C9: =C8-C33-C47 -> 17519.279
B10: Thu NSNN trên địa bàn trừ tiền sử dụng đất, thu từ hoạt động xổ số kiến thiết, thuế tối thiểu toàn cầu | C10: =C9-2910000 -> -2892480.7
A11: I | B11: THU NỘI ĐỊA | C11: =C12+C17+C22+C27+C32+C33+C34+C35+C36+C37+C40+C43+C46+C47+C48+C49 -> 17729.279 | D11: =D12+D17+D22+D27+D32+D33+D34+D35+D36+D37+D40+D43+D46+D47+D48+D49 -> 0
A12: 1 | B12: Thu từ khu vực DNNN trung ương quản lý | C12: =SUM(C13:C16) -> 0 | D12: =SUM(D13:D16) -> 0
B13: Thuế giá trị gia tăng
B14: Thuế tiêu thụ đặc biệt
B15: Thuế thu nhập doanh nghiệp
B16: Thuế tài nguyên
A17: 2 | B17: Thu từ khu vực DNNN địa phương quản lý | C17: =SUM(C18:C21) -> 0 | D17: =SUM(D18:D21) -> 0
B18: Thuế giá trị gia tăng
B19: Thuế tiêu thụ đặc biệt
B20: Thuế thu nhập doanh nghiệp
B21: Thuế tài nguyên
A22: 3 | B22: Thu từ khu vực doanh nghiệp có vốn đầu tư nước ngoài | C22: =SUM(C23:C26) -> 0 | D22: =SUM(D23:D26) -> 0
B23: Thuế giá trị gia tăng
B24: Thuế tối thiểu toàn cầu
B25: Thuế tài nguyên
B26: Thuế thu nhập doanh nghiệp
A27: 4 | B27: Thu từ khu vực kinh tế ngoài quốc doanh | C27: 6019 | D27: =SUM(D28:D31) -> 0
B28: Thuế giá trị gia tăng | C28: 6019
B29: Thuế tiêu thụ đặc biệt
B30: Thuế thu nhập doanh nghiệp
B31: Thuế tài nguyên
A32: 5 | B32: Thuế thu nhập cá nhân | C32: 398
A33: 6 | B33: Tiền sử dụng đất | C33: 210
A34: 7 | B34: Thuế sử dụng đất phi nông nghiệp | C34: 30
A35: 8 | B35: Thu tiền cho thuê mặt đất, mặt nước | C35: 5192
A36: 9 | B36: Lệ phí trước bạ | C36: 1456
A37: 10 | B37: Phí, lệ phí | C37: =SUM(C38:C39) -> 1303 | D37: =SUM(D38:D39) -> 0
B38: Phí, lệ phí trung ương
B39: Phí, lệ phí địa phương | C39: 1303
A40: 11 | B40: Thuế bảo vệ môi trường
B41: Thu từ hàng hoá nhập khẩu | C41: =#REF!+#REF! -> #REF! | D41: =#REF!+#REF! -> #REF!
B42: Thu từ hàng hoá sản xuất trong nước | C42: =#REF!+#REF! -> #REF! | D42: =#REF!+#REF! -> #REF!
A43: 12 | B43: Thu khác ngân sách | C43: =SUM(C44:C45) -> 1220 | D43: =SUM(D44:D45) -> 0
B44: Thu khác ngân sách trung ương
B45: Thu khác ngân sách địa phương | C45: 1220
A46: 13 | B46: Thu tiền cấp quyền khai thác khoáng sản, tài nguyên nước | C46: 1901.2785
A47: 14 | B47: Thu từ hoạt động xổ số kiến thiết
A48: 15 | B48: Thu cổ tức, lợi nhuận sau thuế NSĐP hưởng 100%
A49: 16 | B49: Thu hoa lợi công sản, quỹ đất công ích … tại xã
A50: II | B50: THU TỪ HOẠT ĐỘNG XUẤT NHẬP KHẨU
A51: III | B51: THU TỪ VIỆN TRỢ, HUY ĐỘNG, ĐÓNG GÓP

Sheet 03-Chi theo cơ cấu
A1: Biểu số 03
A2: DỰ TOÁN CHI NGÂN SÁCH ĐỊA PHƯƠNG THEO CƠ CẤU CHI NĂM 2025
A3: ='02-Thu theo lĩnh vực'!A3:D3 -> (Kèm theo Nghị quyết số /NQ-HĐND ngày tháng 9 năm 2025 của HĐND xã Quang Sơn)
C4: ĐVT: Triệu đồng
A5: STT | B5: Nội dung | C5: Dự toán năm 2025 | D5: Ghi chú
A6: 1 | B6: 2 | C6: 3 | D6: 4
B7: TỔNG CHI NGÂN SÁCH ĐỊA PHƯƠNG | C7: =+C8+C39+C40+C41+C42 -> 124134.06
A8: A | B8: CHI CÂN ĐỐI NSĐP | C8: =+C9+C21+C37+C36+C35+C38 -> 93325 | E8: 70908
A9: I | B9: Chi đầu tư phát triển | C9: =+SUM(C10:C14) -> 2683 | E9: =+E8-C8 -> -22417
A10: 1 | B10: Chi xây dựng cơ bản
A11: 2 | B11: Chi đầu tư từ nguồn thu tiền sử dụng đất | C11: 2683 | D11: Biểu số 06
A12: 3 | B12: Chi đầu tư từ nguồn thu xổ số kiến thiết
A13: 4 | B13: Chi GPMB từ nguồn thu tiền thuê đất
A14: 5 | B14: Chi đầu tư khác
B15: Chi trả nợ gốc | C15: 74676
B16: Kinh phí mua xi măng | C16: 96000
B17: Uỷ thác qua ngân hàng chính sách | C17: 60000
B18: Hỗ trợ huyện Đồng Hỷ theo kết luận của Ban Thường vụ Tỉnh uỷ | C18: 30000
B19: Hỗ trợ huyện Phú Bình xây dựng khu tái định cư phục vụ dự án Khu công nghệ thông tin tập trung Yên Bình | C19: 20000
B20: Trả tiền thuê hạ tầng cho các công ty thuộc tập đoàn Samsung | C20: 125000
A21: II | B21: Chi thường xuyên | C21: =+SUM(C23:C34) -> 88821
B22: Trong đó
A23: 1 | B23: Chi sự nghiệp giáo dục đào tạo và dạy nghề | C23: =+'04-chi cac don vi'!F10 -> 57971
A24: 2 | B24: Chi sự nghiệp y tế, dân số và gia đình | C24: =+'04-chi cac don vi'!G10 -> 508
A25: 3 | B25: Chi sự nghiệp khoa học và công nghệ | C25: =+'04-chi cac don vi'!H10 -> 30
A26: 4 | B26: Chi sự nghiệp văn hoá thông tin | C26: =+'04-chi cac don vi'!I10 -> 248
A27: 5 | B27: Chi sự nghiệp thể dục thể thao | C27: =+'04-chi cac don vi'!J10 -> 163
A28: 6 | B28: Chi sự nghiệp phát thanh truyền hình | C28: =+'04-chi cac don vi'!K10 -> 136
A29: 7 | B29: Chi đảm bảo xã hội | C29: =+'04-chi cac don vi'!L10 -> 2683
A30: 8 | B30: Sự nghiệp kinh tế, môi trường | C30: =+'04-chi cac don vi'!M10 -> 4739
A31: 9 | B31: Chi quản lý hành chính | C31: =+'04-chi cac don vi'!N10 -> 19012
A32: 10 | B32: Chi quốc phòng | C32: =+'04-chi cac don vi'!O10 -> 980
A33: 11 | B33: Chi an ninh địa phương | C33: =+'04-chi cac don vi'!P10 -> 789
A34: 12 | B34: Chi cải cách tiền lương | C34: =+'04-chi cac don vi'!Q10 -> 1562
A35: III | B35: Chi trả nợ lãi các khoản do chính quyền địa phương vay
A36: IV | B36: Chi bổ sung quỹ dự trữ tài chính
A37: V | B37: Dự phòng ngân sách | C37: 1821
A38: VI | B38: Chi tạo nguồn điều chỉnh tiền lương
A39: B | B39: CHI CÁC CHƯƠNG TRÌNH MỤC TIÊU | C39: 17538.06 | D39: Biểu số 05
A40: C | B40: Chi từ chuyển nguồn | C40: 5281 | D40: Biểu số 07
A41: D | B41: Chi từ nguồn kết dư | C41: 4868 | D41: Biểu số 08
A42: E | B42: Chi từ nguồn viện trợ, huy động, đóng góp | C42: 3122 | D42: Biểu số 09

Sheet 04-chi cac don vi
P1: Biểu số 04
A2: DỰ TOÁN CHI CỦA NGÂN SÁCH CẤP XÃ CHO TỪNG CƠ QUAN, TỔ CHỨC THEO LĨNH VỰC NĂM 2025
A3: =+'01-Cân đôi'!A3:D3 -> (Kèm theo Nghị quyết số /NQ-HĐND ngày tháng 9 năm 2025 của HĐND xã Quang Sơn)
E4: =+SUM(F4:Q4) -> 88764 | F4: 57972 | G4: 508 | I4: 411 | K4: 136 | L4: 2683 | M4: =4522+217 -> 4739 | N4: =18049+48+607+80+200 -> 18984 | O4: 980 | P4: 790 | Q4: =1120+441 -> 1561
E5: =+E4-S10 -> -57 | G5: =+G4-G10 -> 0 | I5: =+I4-I10-J10 -> 0 | K5: =+K4-K10 -> 0 | L5: =+L4-L10 -> 0 | M5: =+M4-M10 -> 0 | N5: =+N4-N10 -> -28 | O5: =+O4-O10 -> 0 | P5: =+P4-P10 -> 1
O6: Đơn vị tính: Triệu đồng
A7: TT | B7: NỘI DUNG | C7: Tổng dự toán chi năm 2025 | D7: Dự toán chi đầu tư | E7: Dự toán chi thường xuyên năm 2025 | F7: Trong đó | U7: DT | V7: Còn dư
F8: Sự nghiệp giáo dục đào tạo | G8: Sự nghiệp y tế | H8: Sự nghiệp khoa học công nghệ | I8: Sự nghiệp văn hóa, thông tin | J8: Sự nghiệp thể dục, thể thao | K8: Sự nghiệp truyền thanh, truyền hình | L8: Đảm bảo xã hội | M8: Sự nghiệp kinh tế, môi trường | N8: Quản lý hành chính | O8: Chi quốc phòng | P8: Chi an ninh | Q8: Chi cải cách tiền lương | U8: 1562 | V8: =+U8-Q10 -> 0
A9: A | B9: B | C9: 1=2+3 | D9: 2 | E9: 1 | F9: 2 | G9: 3 | H9: 4 | I9: 5 | J9: 6 | K9: 7 | L9: 8 | M9: 9 | N9: 10 | O9: 11 | P9: 12 | Q9: 13
B10: TỔNG CỘNG | C10: =C11+C21+C32+C53+C78+C100+C104+C113+C120 -> #REF! | D10: =D11+D21+D32+D53+D78+D100+D104+D113+D120 -> #REF! | E10: =E11+E21+E32+E53+E78+E100+E104+E113+E120 -> 88821 | F10: =F11+F21+F32+F53+F78+F100+F104+F113+F120 -> 57971 | G10: =G11+G21+G32+G53+G78+G100+G104+G113+G120 -> 508 | H10: =H11+H21+H32+H53+H78+H100+H104+H113+H120 -> 30 | I10: =I11+I21+I32+I53+I78+I100+I104+I113+I120 -> 248 | J10: =J11+J21+J32+J53+J78+J100+J104+J113+J120 -> 163 | ... Q10: =Q11+Q21+Q32+Q53+Q78+Q100+Q104+Q113+Q120 -> 1562 | R10: =+E10-SUM(F10:Q10) -> 0 | S10: 88821 | T10: =+S10-F10 -> 30850
A11: 1 | B11: Đảng ủy xã | C11: =+D11+E11 -> 3918 | D11: =D12+D18+D19 -> 0 | E11: =E12+E18+E19+E20 -> 3918 | F11: =F12+F18+F19+F20 -> 0 | G11: =G12+G18+G19+G20 -> 0 | I11: =I12+I18+I19+I20 -> 0 | J11: =J12+J18+J19+J20 -> 0 | K11: =K12+K18+K19+K20 -> 0 | L11: =L12+L18+L19+L20 -> 0 | M11: =M12+M18+M19+M20 -> 0 | N11: =N12+N18+N19+N20 -> 3742 | O11: =O12+O18+O19+O20 -> 0 | P11: =P12+P18+P19+P20 -> 0 | Q11: =Q12+Q18+Q19+Q20 -> 176 | R11: =+E11-SUM(F11:Q11) -> 0 | S11: =+S10-E10 -> 0 | T11: =+E10-F10 -> 30850
A12: 1.1 | B12: Văn phòng Đảng ủy | C12: =+D12+E12 -> 2163 | D12: =SUM(D13:D17) -> 0 | E12: =SUM(E13:E17) -> 2163 | F12: =SUM(F13:F17) -> 0 | G12: =SUM(G13:G17) -> 0 | I12: =SUM(I13:I17) -> 0 | J12: =SUM(J13:J17) -> 0 | K12: =SUM(K13:K17) -> 0 | L12: =SUM(L13:L17) -> 0 | M12: =SUM(M13:M17) -> 0 | N12: =SUM(N13:N17) -> 2163 | O12: =SUM(O13:O17) -> 0 | P12: =SUM(P13:P17) -> 0 | Q12: =SUM(Q13:Q17) -> 0 | R12: =+E12-SUM(F12:Q12) -> 0 | T12: =+T10-T11 -> 0
B13: Chi hoạt động thường xuyên theo định mức(lương, chi khác con người) | C13: =+D13+E13 -> 1607 | E13: =SUM(F13:Q13) -> 1607 | N13: 1607 | R13: =+E13-SUM(F13:Q13) -> 0
B14: Chi hợp đồng 111 (lương, chi khác con người) | C14: =+D14+E14 -> 70 | E14: =SUM(F14:Q14) -> 70 | N14: 70 | R14: =+E14-SUM(F14:Q14) -> 0
B15: Chi phụ cấp Bí thư chi bộ xóm | C15: =+D15+E15 -> 307 | E15: =SUM(F15:Q15) -> 307 | N15: 307 | R15: =+E15-SUM(F15:Q15) -> 0
B16: Chi phụ cấp BCH | C16: =+D16+E16 -> 110 | E16: =SUM(F16:Q16) -> 110 | N16: 110 | R16: =+E16-SUM(F16:Q16) -> 0
B17: Chi cho thành viên ban chỉ đạo 35 | C17: =+D17+E17 -> 69 | E17: =SUM(F17:Q17) -> 69 | N17: 69 | R17: =+E17-SUM(F17:Q17) -> 0
A18: 1.2 | B18: Chi hoạt động chuyên môn của Văn phòng Đảng ủy; Ủy ban kiểm tra; Ban xây dựng đảng (chi các hoạt động của đảng, kinh phí 99...) | C18: =+D18+E18 -> 750 | E18: =SUM(F18:Q18) -> 750 | N18: 750 | R18: =+E18-SUM(F18:Q18) -> 0
A19: 1.3 | B19: Chi Đại hội Đảng bộ xã lần thứ nhất nhiệm kỳ 2025-2030 | C19: =+D19+E19 -> 829 | E19: =SUM(F19:Q19) -> 829 | N19: 829 | R19: =+E19-SUM(F19:Q19) -> 0
A20: 1.4 | B20: Kinh phí tiền thưởng theo Nghị định 73/2024/NĐ-CP | E20: =SUM(F20:Q20) -> 176 | Q20: 176
A21: 2 | B21: Ủy ban Mặt trận Tổ quốc | C21: =SUM(C22:C30) -> 1899 | D21: =SUM(D22:D30) -> 0 | E21: =SUM(E22:E24)+E30+E31 -> 1982 | F21: =SUM(F22:F24)+F30+F31 -> 0 | G21: =SUM(G22:G24)+G30+G31 -> 0 | H21: =SUM(H22:H24)+H30+H31 -> 0 | I21: =SUM(I22:I24)+I30+I31 -> 0 | J21: =SUM(J22:J24)+J30+J31 -> 0 | K21: =SUM(K22:K24)+K30+K31 -> 0 | L21: =SUM(L22:L24)+L30+L31 -> 0 | ... Q21: =SUM(Q22:Q24)+Q30+Q31 -> 83 | R21: =+E21-SUM(F21:Q21) -> 0
A22: 2.1 | B22: Chi hoạt động thường xuyên theo định mức(lương, chi khác con người) | C22: =+D22+E22 -> 837 | E22: =SUM(F22:Q22) -> 837 | N22: 837 | R22: =+E22-SUM(F22:Q22) -> 0
A23: 2.2 | B23: Chi các chế độ ở xóm theo định mức (Tiền phụ cấp, các khoản đóng góp | C23: =+D23+E23 -> 601 | E23: =SUM(F23:Q23) -> 601 | N23: 601 | R23: =+E23-SUM(F23:Q23) -> 0
A24: 2.3 | B24: Kinh phí hoạt động của Ủy ban MTTQ xã: hoạt động chuyên môn (Bao gồm kinh phí tổ chức đại hội) | C24: =+D24+E24 -> 390 | E24: =SUM(F24:Q24) -> 390 | N24: =+SUM(N25:N29) -> 390 | R24: =+E24-SUM(F24:Q24) -> 0
B25: Kinh phí tổ chức đại hội UBMTTQ xã (Bao gồm kinh phí tổ chức đại hội) | E25: =SUM(F25:Q25) -> 150 | N25: 150
B26: Kinh phí hoạt động Đoàn Thanh niên (Bao gồm kinh phí tổ chức đại hội) | E26: =SUM(F26:Q26) -> 60 | N26: 60
B27: Kinh phí hoạt động Hội phụ nữ (Bao gồm kinh phí tổ chức đại hội) | E27: =SUM(F27:Q27) -> 60 | N27: 60
B28: Kinh phí hoạt động Hội Nông dân (Bao gồm kinh phí tổ chức đại hội) | E28: =SUM(F28:Q28) -> 60 | N28: 60
B29: Kinh phí hoạt động Hội Cựu chiến binh (Bao gồm kinh phí tổ chức đại hội) | E29: =SUM(F29:Q29) -> 60 | N29: 60
A30: 2.4 | B30: Kinh phí ban giám sát cộng đồng, thanh tra nhân dân, BCĐ toàn dân đoàn kết | C30: =+D30+E30 -> 71 | E30: =SUM(F30:Q30) -> 71 | N30: =26+45 -> 71 | R30: =+E30-SUM(F30:Q30) -> 0
A31: 2.5 | B31: Kinh phí tiền thưởng theo Nghị định 73/2024/NĐ-CP | E31: =SUM(F31:Q31) -> 83 | Q31: 83
A32: 3 | B32: Văn phòng HĐND và UBND | C32: =SUM(C33:C37)+SUM(C40:C49) -> 12681 | D32: =SUM(D33:D37)+SUM(D40:D49) -> 0 | E32: =+SUM(E33:E37)+SUM(E40:E45)+SUM(E48:E52) -> 11869 | F32: =+SUM(F33:F37)+SUM(F40:F45)+SUM(F48:F52) -> 0 | G32: =+SUM(G33:G37)+SUM(G40:G45)+SUM(G48:G52) -> 171 | H32: =+SUM(H33:H37)+SUM(H40:H45)+SUM(H48:H52) -> 0 | I32: =+SUM(I33:I37)+SUM(I40:I45)+SUM(I48:I52) -> 14 | J32: =+SUM(J33:J37)+SUM(J40:J45)+SUM(J48:J52) -> 93 | K32: =+SUM(K33:K37)+SUM(K40:K45)+SUM(K48:K52) -> 0 | L32: =+SUM(L33:L37)+SUM(L40:L45)+SUM(L48:L52) -> 84 | ... Q32: =+SUM(Q33:Q37)+SUM(Q40:Q45)+SUM(Q48:Q52) -> 110 | R32: =+E32-SUM(F32:Q32) -> 0
A33: 3.1 | B33: Chi hoạt động thường xuyên theo định mức(lương, chi khác con người) | C33: =+D33+E33 -> 1043 | E33: =SUM(F33:Q33) -> 1043 | N33: 1043 | R33: =+E33-SUM(F33:Q33) -> 0
A34: 3.2 | B34: Chi chế độ Thôn đội trưởng | C34: =+D34+E34 -> 202 | E34: =SUM(F34:Q34) -> 202 | O34: 202 | R34: =+E34-SUM(F34:Q34) -> 0
A35: 3.3 | B35: Chi chế độ, phụ cấp tại xóm: Trưởng xóm, phó trưởng xóm,... | C35: =+D35+E35 -> 491 | E35: =SUM(F35:Q35) -> 491 | N35: 491 | R35: =+E35-SUM(F35:Q35) -> 0
A36: 3.4 | B36: Chi chế độ, hoạt động của quân sự (bao gồm hoạt động khám sơ tuyển nghĩa vụ quân sự và các hoạt động chuyên môn khác), hoạt động phòng chống cứu nạn cứu hộ | C36: =+D36+E36 -> 150 | E36: =SUM(F36:Q36) -> 150 | O36: 150 | R36: =+E36-SUM(F36:Q36) -> 0
A37: 3.5 | B37: Chi chế độ, hoạt động của an ninh | C37: =+D37+E37 -> 411 | E37: =SUM(F37:Q37) -> 411 | P37: =+P38+P39 -> 411 | R37: =+E37-SUM(F37:Q37) -> 0
A38: - | B38: Chi tổ bảo vệ ANTT | C38: =+D38+E38 -> 318 | E38: =SUM(F38:Q38) -> 318 | P38: 318 | R38: =+E38-SUM(F38:Q38) -> 0
A39: - | B39: Chi hoạt động chuyên môn (chi hoạt động an ninh, ngày hội toàn dân bảo vệ ANTQ,…) | C39: =+D39+E39 -> 93 | E39: =SUM(F39:Q39) -> 93 | P39: 93 | R39: =+E39-SUM(F39:Q39) -> 0
A40: 3.6 | B40: Chi phụ cấp nhân viên thú y | C40: =+D40+E40 -> 43 | E40: =SUM(F40:Q40) -> 43 | M40: 43 | R40: =+E40-SUM(F40:Q40) -> 0
A41: 3.7 | B41: Phụ cấp đại biểu HĐND | C41: =+D41+E41 -> 204 | E41: =SUM(F41:Q41) -> 204 | N41: 204 | R41: =+E41-SUM(F41:Q41) -> 0
A42: 3.8 | B42: Chi Hội người cao tuổi, hội đặc thù xóm | C42: =+D42+E42 -> 117 | E42: =SUM(F42:Q42) -> 117 | N42: 117
A43: 3.9 | B43: Chi phụ cấp hội NCT, CTĐ ở xã | C43: =+D43+E43 -> 29 | E43: =SUM(F43:Q43) -> 29 | N43: 29
A44: 3.10 | B44: Chi cho Nhân viên y tế và cộng tác viên dân số | C44: =+D44+E44 -> 85 | E44: =SUM(F44:Q44) -> 85 | G44: 85
A45: 3.11 | B45: Chi khác phục vụ hoạt động của UBND | C45: =+D45+E45 -> 1050 | E45: =SUM(F45:Q45) -> 1050 | N45: =+SUM(N46:N47) -> 1050 | R45: =+E45-SUM(F45:Q45) -> 0
B46: Kinh phí chi hoạt động của UBND (tiền điện, tiền nước, tiền mạng internet, đề án 06...) | C46: =+D46+E46 -> 850 | E46: =SUM(F46:Q46) -> 850 | N46: 850
B47: Bổ sung kinh phí vận chuyển, sắp xếp tài sản, công cụ dụng cụ, về các xã sau khi sắp sếp | C47: =+D47+E47 -> 200 | E47: =SUM(F47:Q47) -> 200 | N47: 200
A48: 3.12 | B48: Chi hoạt động của HĐND (tiền báo, chi hội nghị, hỗ trợ giám sát, kinh phí may trang phục cho đại biểu, hỗ trợ tổ tiếp xúc cử tri….) | C48: =+D48+E48 -> 294 | E48: =SUM(F48:Q48) -> 294 | N48: 294 | R48: =+E48-SUM(F48:Q48) -> 0
A49: 3.13 | B49: Quyết toán số đã chi 6 tháng đầu năm 2025 trên cơ sở cộng dồn 2 xã cũ trước sáp nhập | C49: =+D49+E49 -> 7512 | E49: =SUM(F49:Q49) -> 7512 | G49: 86 | I49: 14 | J49: 93 | L49: 84 | M49: =66+35 -> 101 | N49: 6193 | O49: 563 | P49: 378 | R49: =+E49-SUM(F49:Q49) -> 0
A50: 3.14 | B50: Bổ sung KP chúc thọ, mừng thọ năm 2025 | E50: =SUM(F50:Q50) -> 48 | N50: 48
A51: 3.15 | B51: Kinh phí tổ chức lấy ý kiến nhân dân là cử tri hộ gia đình về chủ trương sáp nhập đơn vị hành chính cấp xã, tỉnh | E51: =SUM(F51:Q51) -> 80 | N51: 80
A52: 3.16 | B52: Kinh phí tiền thưởng theo Nghị định 73/2024/NĐ-CP | E52: =SUM(F52:Q52) -> 110 | Q52: 110
A53: 4 | B53: Phòng Văn hóa - Xã hội | C53: =SUM(C54:C76) -> 3949 | D53: =SUM(D54:D76) -> 0 | E53: =+SUM(E54:E55)+SUM(E60:E61)+SUM(E67:E70)+SUM(E76:E77) -> 4059 | F53: =+SUM(F54:F55)+SUM(F60:F61)+SUM(F67:F70)+SUM(F76:F77) -> 78 | G53: =+SUM(G54:G55)+SUM(G60:G61)+SUM(G67:G70)+SUM(G76:G77) -> 337 | H53: =+SUM(H54:H55)+SUM(H60:H61)+SUM(H67:H70)+SUM(H76:H77) -> 30 | I53: =+SUM(I54:I55)+I61+SUM(I67:I70)+SUM(I76:I77) -> 45 | J53: =+SUM(J54:J55)+J61+SUM(J67:J70)+SUM(J76:J77) -> 0 | K53: =+SUM(K54:K55)+K61+SUM(K67:K70)+SUM(K76:K77) -> 0 | L53: =+SUM(L54:L55)+L61+SUM(L67:L70)+SUM(L76:L77) -> 2419 | M53: =+SUM(M54:M55)+M61+SUM(M67:M70)+SUM(M76:M77) -> 0 | N53: =+SUM(N54:N55)+N61+SUM(N67:N70)+SUM(N76:N77) -> 1100 | O53: =+SUM(O54:O55)+O61+SUM(O67:O70)+SUM(O76:O77) -> 0 | P53: =+SUM(P54:P55)+P61+SUM(P67:P70)+SUM(P76:P77) -> 0 | Q53: =+SUM(Q54:Q55)+Q61+SUM(Q67:Q70)+SUM(Q76:Q77) -> 50 | R53: =+E53-SUM(F53:Q53) -> 0 | S53: xg
A54: 4.1 | B54: Chi hoạt động thường xuyên theo định mức(lương, chi khác con người) | C54: =+D54+E54 -> 431 | E54: =SUM(F54:Q54) -> 431 | N54: 431 | R54: =+E54-SUM(F54:Q54) -> 0
A55: 4.2 | B55: Chi các hoạt động quản lý văn hóa, công nghệ thông tin | C55: =+D55+E55 -> 414 | E55: =+SUM(E56:E59) -> 414 | F55: =+SUM(F56:F59) -> 0 | G55: =+SUM(G56:G59) -> 0 | I55: =+SUM(I56:I59) -> 45 | J55: =+SUM(J56:J59) -> 0 | K55: =+SUM(K56:K59) -> 0 | L55: =+SUM(L56:L59) -> 0 | M55: =+SUM(M56:M59) -> 0 | N55: =+SUM(N56:N59) -> 369 | O55: =+SUM(O56:O59) -> 0 | P55: =+SUM(P56:P59) -> 0 | Q55: =+SUM(Q56:Q59) -> 0 | R55: =+E55-SUM(F55:Q55) -> 0
B56: Chi hoạt động công nghệ thông tin, dịch vụ công nghệ thông tin (mạng truyền số liệu...) | E56: =SUM(F56:Q56) -> 159 | N56: 159
B57: Chi hoạt động công tác quản lý văn hóa; hoạt động vì sự tiến bộ phụ nữ (hoạt động công tác văn hóa cơ sở, các khu di tích, hoạt động khu dân cư làng bản văn hóa…) | E57: =SUM(F57:Q57) -> 60 | N57: 60
B58: Chi tổ chức các hoạt động về văn hóa thông tin (Tổ chức các hoạt đồng trong ngày lễ tết, trung thu,phụ nữ, trẻ em…) | E58: =SUM(F58:Q58) -> 150 | N58: =100+10+20+20 -> 150
B59: Kinh phí thực hiện đề án 92 | E59: =SUM(F59:Q59) -> 45 | I59: 45
A60: 4.3 | B60: Chi ứng dụng khoa học và công nghệ, đổi mới sáng tạo và chuyển đổi số do cấp xã quản lý (Nghị quyết số 57-NQ/TW, chuyển đổi số…) | E60: =SUM(F60:Q60) -> 30 | H60: 30
A61: 4.3 | B61: Chi hoạt động quản lý giáo dục | C61: =+D61+E61 -> 98 | E61: =SUM(F61:Q61) -> 98 | F61: =+SUM(F62:F63) -> 78 | G61: =+SUM(G62:G66) -> 0 | I61: =+SUM(I62:I66) -> 0 | J61: =+SUM(J62:J66) -> 0 | K61: =+SUM(K62:K66) -> 0 | L61: =+SUM(L62:L66) -> 0 | M61: =+SUM(M62:M66) -> 0 | N61: =+SUM(N62:N66) -> 20 | O61: =+SUM(O62:O66) -> 0 | P61: =+SUM(P62:P66) -> 0 | Q61: =+SUM(Q62:Q66) -> 0 | R61: =+E61-SUM(F61:Q61) -> 0
A62: - | B62: Kinh phí quản lý ngành giáo dục, các đơn vị… | E62: =SUM(F62:Q62) -> 20 | N62: 20
A63: - | B63: Hoạt động sự nghiệp giáo dục | E63: =SUM(F63:Q63) -> 78 | F63: =+SUM(F64:F66) -> 78
B64: Khối mầm non | E64: =SUM(F64:Q64) -> 27 | F64: 27
B65: Khối tiểu học | E65: =SUM(F65:Q65) -> 19 | F65: 19
B66: Khối THCS | E66: =SUM(F66:Q66) -> 32 | F66: 32
A67: 4.4 | B67: Chi hưu xã | C67: =+D67+E67 -> 84 | E67: =SUM(F67:Q67) -> 84 | L67: 84 | R67: =+E67-SUM(F67:Q67) -> 0
A68: 4.5 | B68: Chi hoạt động nội vụ, thi đua khen thưởng | C68: =+D68+E68 -> 100 | E68: =SUM(F68:Q68) -> 100 | N68: 100 | R68: =+E68-SUM(F68:Q68) -> 0
A69: 4.6 | B69: Chi lĩnh vực dân tộc và tôn giáo | E69: =SUM(F69:Q69) -> 30 | N69: 30
A70: 4.7 | B70: Chi lĩnh vực bảo đảm xã hội | C70: =+D70+E70 -> 2485 | E70: =SUM(F70:Q70) -> 2485 | F70: =+SUM(F71:F73) -> 0 | G70: =+SUM(G71:G73) -> 0 | I70: =+SUM(I71:I73) -> 0 | J70: =+SUM(J71:J73) -> 0 | K70: =+SUM(K71:K73) -> 0 | L70: =+SUM(L71:L75) -> 2335 | M70: =+SUM(M71:M74) -> 0 | N70: =+SUM(N71:N74) -> 150 | O70: =+SUM(O71:O74) -> 0 | P70: =+SUM(P71:P74) -> 0 | Q70: =+SUM(Q71:Q74) -> 0 | R70: =+E70-SUM(F70:Q70) -> 0
B71: Chi cho các đối tượng bảo trợ xã hội | E71: =SUM(F71:Q71) -> 2088 | L71: 2088
B72: Chi hoạt động nghiệp vụ quản lý về bảo đảm xã hội | E72: =SUM(F72:Q72) -> 150 | N72: 150
B73: Chi cho công tác điều dưỡng đối với người có công; Chi hoạt động quản lý nghĩa trang liệt sỹ, cựu thanh niên xung phong theo quyết định số 40/2011/QĐ-TTg | E73: =SUM(F73:Q73) -> 150 | L73: 150
B74: Chi thăm hỏi tặng quà các đối tượng bảo trợ XH, hộ nghèo, người cao tuổi; Chăm sóc bảo vệ trẻ em; Chi hỗ trợ mai táng phí cho đối tượng QĐ 290, QĐ 62 của Thủ tướng Chính phủ | E74: =SUM(F74:Q74) -> 75 | L74: 75
B75: Chi động viên thăm hỏi gia đình chính sách, trợ cấp đột xuất | E75: =SUM(F75:Q75) -> 22 | L75: 22
A76: 4.8 | B76: Chi BHYT cho đối tượng bảo trợ xã hội | C76: =+D76+E76 -> 337 | E76: =SUM(F76:Q76) -> 337 | G76: 337 | R76: =+E76-SUM(F76:Q76) -> 0
A77: 4.9 | B77: Kinh phí tiền thưởng theo Nghị định 73/2024/NĐ-CP | E77: =SUM(F77:Q77) -> 50 | Q77: 50
A78: 5 | B78: Phòng Kinh tế | C78: =+SUM(C79:C84)+SUM(C92:C94) -> #REF! | D78: =+SUM(D79:D84)+SUM(D92:D94) -> #REF! | E78: =+E79+E82+E84+E92+E94+E80+E98+E99+E97 -> 3915.5 | F78: =+F79+F82+F84+F92+F94+F80+F98+F99+F97 -> 0 | G78: =+G79+G82+G84+G92+G94+G80+G98+G99+G97 -> 0 | H78: =+H79+H82+H84+H92+H94+H80+H98+H99+H97 -> 0 | I78: =+I79+I82+I84+I92+I94+I80+I98+I99+I97 -> 0 | J78: =+J79+J82+J84+J92+J94+J80+J98+J99+J97 -> 0 | K78: =+K79+K82+K84+K92+K94+K80+K98+K99+K97 -> 0 | L78: =+L79+L82+L84+L92+L94+L80+L98+L99+L97 -> 180 | ... Q78: =+Q79+Q82+Q84+Q92+Q94+Q80+Q98+Q99+Q97 -> 75 | R78: =+E78-SUM(F78:Q78) -> 0
A79: 5.1 | B79: Chi hoạt động thường xuyên theo định mức(lương, chi khác con người) | C79: =+D79+E79 -> 766 | E79: =SUM(F79:Q79) -> 766 | M79: 56 | N79: 710 | R79: =+E79-SUM(F79:Q79) -> 0
A80: 5.2 | B80: Chi các hoạt động về quản lý ngân sách, kinh tế xã hội, kinh tế tập thể, đầu tư và thu hút đầu tư | E80: =SUM(F80:Q80) -> 120 | N80: 120
B81: Trong đó: Tin học ngành tài chính; chuyển đổi số ngành tài chính | E81: =SUM(F81:Q81) -> 50 | N81: 50
A82: 5.3 | B82: Chi các hoạt động về xúc tiến thương mại, quảng bá sản phẩm; Hoạt động về giao thông, xây dựng, công nghiệp, quy hoạch | C82: =+D82+E82 -> 500 | E82: =SUM(F82:Q82) -> 500 | M82: =+M83 -> 434 | N82: 66 | R82: =+E82-SUM(F82:Q82) -> 0
B83: Trong đó: Kinh phí Quy hoạch | E83: =SUM(F83:Q83) -> 434 | M83: 434
A84: 5.4 | B84: Chi các hoạt động về nông nghiệp, lâm nghiệp, chăn nuôi, khắc phục thiên tai, thủy lợi | C84: =+D84+E84 -> #REF! | D84: =+#REF! -> #REF! | E84: =SUM(F84:Q84) -> 1148.5 | M84: =+SUM(M85:M91) -> 1148.5 | R84: =+E84-SUM(F84:Q84) -> 0
A85: - | B85: Kinh phí thủy lợi phí | E85: =SUM(F85:Q85) -> 297.5 | M85: 297.5
A86: - | B86: Kinh phí sự nghiệp thủy lợi | E86: =SUM(F86:Q86) -> 13 | M86: 13
A87: - | B87: Kinh phí thực hiện các đề án nông nghiệp | E87: =SUM(F87:Q87) -> 634 | M87: 634
A88: - | B88: Chi từ nguồn đất trồng lúa (Mô hình cánh đồng mẫu lớn, sản xuất lúa chất lượng đặc sản theo quy trình vietgap) | E88: =SUM(F88:Q88) -> 123 | M88: 123
A89: - | B89: Thường trực các Ban chỉ đạo về nông nghiệp nông thôn và phòng chống thiên tai | E89: =SUM(F89:Q89) -> 46 | M89: 46
A90: - | B90: Hoạt động sự nghiệp trồng trọt | E90: =SUM(F90:Q90) -> 25 | M90: 25
A91: - | B91: Hoạt động sự nghiệp chăn nuôi | E91: =SUM(F91:Q91) -> 10 | M91: 10
A92: 5.5 | B92: Chi công tác quản lý đất đai, cấp giấy chứng nhận; Chi các hoạt động quản lý khoáng sản tài nguyên, môi trường (hoạt động các ban chỉ đạo, giải quyết đơn thư, …) | C92: =+D92+E92 -> 100 | E92: =SUM(F92:Q92) -> 100 | N92: 100 | R92: =+E92-SUM(F92:Q92) -> 0
B93: Trong đó: Chuyển đổi số lĩnh vực tài nguyên môi trường | E93: =SUM(F93:Q93) -> 30 | N93: 30
A94: 5.6 | B94: Chi các hoạt động sự nghiệp kinh tế, môi trường đô thị | C94: =+D94+E94 -> 1006 | D94: =+D95+D96 -> 0 | E94: =+E95+E96 -> 1006 | F94: =+F95+F96 -> 0 | G94: =+G95+G96 -> 0 | H94: =+H95+H96 -> 0 | I94: =+I95+I96 -> 0 | J94: =+J95+J96 -> 0 | K94: =+K95+K96 -> 0 | ... Q94: =+Q95+Q96 -> 0 | R94: =+E94-SUM(F94:Q94) -> 0
A95: - | B95: Duy tu sửa chữa đường giao thông | C95: =+D95+E95 -> 600 | E95: =SUM(F95:Q95) -> 600 | M95: 600 | R95: =+E95-SUM(F95:Q95) -> 0
A96: - | B96: Chi sự nghiệp kinh tế môi trường đô thị (nguồn phí môi trường) | C96: =+D96+E96 -> 406 | E96: =SUM(F96:Q96) -> 406 | M96: 406 | R96: =+E96-SUM(F96:Q96) -> 0
A97: 5.7 | B97: Chi các hoạt động về rà soát hộ nghèo, ban chỉ đạo giảm nghèo bền vững | E97: =SUM(F97:Q97) -> 20 | N97: 20
A98: 5.8 | B98: Tiền điện hộ nghèo | E98: =SUM(F98:Q98) -> 180 | L98: 180
A99: 5.9 | B99: Kinh phí tiền thưởng theo Nghị định 73/2024/NĐ-CP | E99: =SUM(F99:Q99) -> 75 | Q99: 75
A100: 6 | B100: Trung tâm phục vụ hành chính công | C100: =SUM(C101:C102) -> 675 | D100: =SUM(D101:D102) -> 0 | E100: =SUM(E101:E103) -> 732 | F100: =SUM(F101:F103) -> 0 | G100: =SUM(G101:G103) -> 0 | I100: =SUM(I101:I103) -> 0 | J100: =SUM(J101:J103) -> 0 | K100: =SUM(K101:K103) -> 0 | L100: =SUM(L101:L103) -> 0 | M100: =SUM(M101:M103) -> 0 | N100: =SUM(N101:N103) -> 675 | O100: =SUM(O101:O103) -> 0 | P100: =SUM(P101:P103) -> 0 | Q100: =SUM(Q101:Q103) -> 57 | R100: =+E100-SUM(F100:Q100) -> 0
...

Sheet 05-CTMTQG
AB1: Biểu số 05
A2: DỰ TOÁN CHI CHƯƠNG TRÌNH MỤC TIÊU QUỐC GIA NGÂN SÁCH CẤP TỈNH VÀ NGÂN SÁCH CẤP XÃ NĂM 2025 SAU ĐIỀU CHỈNH
C3: (Kèm theo Nghị quyết số /NQ-HĐND ngày tháng 9 năm 2025 của HĐND xã Quang Sơn)
AA4: ĐVT: Triệu đồng
A5: STT | B5: Đơn vị | C5: STT | D5: Đơn vị | E5: Tổng số | F5: Trong đó | H5: Chương trình mục tiêu quốc gia xây dựng nông thôn mới | O5: Chương trình mục tiêu quốc gia giảm nghèo bền vững | V5: Chương trình mục tiêu quốc gia phát triển kinh tế xã hội vùng đồng bào dân tộc thiểu số và miền núi
F6: Vốn đầu tư | G6: Vốn sự nghiệp | H6: Tổng số | I6: Vốn đầu tư | L6: Vốn sự nghiệp | O6: Tổng số | P6: Vốn đầu tư | S6: Vốn sự nghiệp | V6: Tổng số | W6: Vốn đầu tư | Z6: Vốn sự nghiệp
I7: Tổng số | J7: NSTW | K7: NSĐP đối ứng (tỉnh) | L7: Tổng số | M7: NSTW | N7: NSĐP đối ứng (tỉnh) | P7: Tổng số | Q7: NSTW | R7: NSĐP đối ứng (tỉnh) | S7: Tổng số | T7: NSTW | U7: NSĐP đối ứng (tỉnh) | W7: Tổng số | X7: NSTW | Y7: NSĐP đối ứng (tỉnh) | Z7: Tổng số | AA7: NSTW | AB7: NSĐP đối ứng (tỉnh)
C8: A | D8: B | E8: 1 | F8: 2 | G8: 3 | H8: 4 | I8: 5 | J8: 6 | K8: 7 | L8: 8 | M8: 9 | N8: 10 | O8: 11 | P8: 12 | Q8: 13 | R8: 14 | S8: 15 | T8: 16 | U8: 17 | V8: 18 | W8: 19 | X8: 20 | Y8: 21 | Z8: 22 | AA8: 23 | AB8: 24
D9: =#REF!+#REF!+#REF!+#REF!+#REF!+#REF!+#REF!+#REF!+#REF!+#REF!+#REF!+#REF! -> #REF! | E9: =E10-#REF! -> #REF! | F9: =F10-#REF! -> #REF! | G9: =G10-#REF! -> #REF! | H9: =H10-#REF! -> #REF! | I9: =I10-#REF! -> #REF! | J9: =J10-#REF! -> #REF! | K9: =K10-#REF! -> #REF! | L9: =L10-#REF! -> #REF! | ... AB9: =AB10-#REF! -> #REF!
B10: Tổng cộng | D10: Kiểm tra | E10: =#REF!+#REF!+#REF!+#REF!+#REF!+#REF!+#REF!+#REF!+#REF!+#REF!+#REF!+#REF!+#REF!+#REF!+#REF!+#REF!+#REF!+#REF!+#REF!+#REF!+#REF!+#REF!+#REF!+#REF!+#REF!+#REF!+#REF!+SUM(E11:E11) -> #REF! | F10: =#REF!+#REF!+#REF!+#REF!+#REF!+#REF!+#REF!+#REF!+#REF!+#REF!+#REF!+#REF!+#REF!+#REF!+#REF!+#REF!+#REF!+#REF!+#REF!+#REF!+#REF!+#REF!+#REF!+#REF!+#REF!+#REF!+#REF!+SUM(F11:F11) -> #REF! | G10: =#REF!+#REF!+#REF!+#REF!+#REF!+#REF!+#REF!+#REF!+#REF!+#REF!+#REF!+#REF!+#REF!+#REF!+#REF!+#REF!+#REF!+#REF!+#REF!+#REF!+#REF!+#REF!+#REF!+#REF!+#REF!+#REF!+#REF!+SUM(G11:G11) -> #REF! | H10: =#REF!+#REF!+#REF!+#REF!+#REF!+#REF!+#REF!+#REF!+#REF!+#REF!+#REF!+#REF!+#REF!+#REF!+#REF!+#REF!+#REF!+#REF!+#REF!+#REF!+#REF!+#REF!+#REF!+#REF!+#REF!+#REF!+#REF!+SUM(H11:H11) -> #REF! | I10: =#REF!+#REF!+#REF!+#REF!+#REF!+#REF!+#REF!+#REF!+#REF!+#REF!+#REF!+#REF!+#REF!+#REF!+#REF!+#REF!+#REF!+#REF!+#REF!+#REF!+#REF!+#REF!+#REF!+#REF!+#REF!+#REF!+#REF!+SUM(I11:I11) -> #REF! | J10: =#REF!+#REF!+#REF!+#REF!+#REF!+#REF!+#REF!+#REF!+#REF!+#REF!+#REF!+#REF!+#REF!+#REF!+#REF!+#REF!+#REF!+#REF!+#REF!+#REF!+#REF!+#REF!+#REF!+#REF!+#REF!+#REF!+#REF!+SUM(J11:J11) -> #REF! | K10: =#REF!+#REF!+#REF!+#REF!+#REF!+#REF!+#REF!+#REF!+#REF!+#REF!+#REF!+#REF!+#REF!+#REF!+#REF!+#REF!+#REF!+#REF!+#REF!+#REF!+#REF!+#REF!+#REF!+#REF!+#REF!+#REF!+#REF!+SUM(K11:K11) -> #REF! | L10: =#REF!+#REF!+#REF!+#REF!+#REF!+#REF!+#REF!+#REF!+#REF!+#REF!+#REF!+#REF!+#REF!+#REF!+#REF!+#REF!+#REF!+#REF!+#REF!+#REF!+#REF!+#REF!+#REF!+#REF!+#REF!+#REF!+#REF!+SUM(L11:L11) -> #REF! | ... AB10: =#REF!+#REF!+#REF!+#REF!+#REF!+#REF!+#REF!+#REF!+#REF!+#REF!+#REF!+#REF!+#REF!+#REF!+#REF!+#REF!+#REF!+#REF!+#REF!+#REF!+#REF!+#REF!+#REF!+#REF!+#REF!+#REF!+#REF!+SUM(AB11:AB11) -> #REF!
C11: 1 | D11: Xã Quang Sơn | E11: =F11+G11 -> 17303.06 | F11: =I11+P11+W11 -> 12296.3 | G11: =L11+S11+Z11 -> 5006.76 | H11: =I11+L11 -> 6741.76 | I11: =J11+K11 -> 6588 | J11: 5897 | K11: 691 | L11: =M11+N11 -> 153.76 | M11: 153.76 | O11: =P11+S11 -> 1040 | P11: =Q11+R11 -> 0 | Q11: 0 | R11: 0 | S11: =T11+U11 -> 1040 | T11: 955 | U11: 85 | V11: =W11+Z11 -> 9521.3 | W11: =X11+Y11 -> 5708.3 | X11: 5380.8 | Y11: 327.5 | Z11: =AA11+AB11 -> 3813 | AA11: 3467 | AB11: 346

Sheet 06-Đầu tư tiền đất
W1: Biểu số 06
A2: KẾ HOẠCH ĐẦU TƯ CÔNG NĂM 2025 XÃ QUANG SƠN TỪ NGUỒN TIỀN SỬ DỤNG ĐẤT
A3: =+'01-Cân đôi'!A3:D3 -> (Kèm theo Nghị quyết số /NQ-HĐND ngày tháng 9 năm 2025 của HĐND xã Quang Sơn)
B4: ĐVT: Triệu đồng
A5: Số TT | B5: Danh mục công trình | C5: Tổng mức đầu tư hoặc giá trị quyết toán được duyệt | G5: Lũy kế vốn đã bố trí đến 31/5/2024 (bao gồm cả vốn đề nghị bổ sung lần 3) | K5: Lũy kế khối lượng thực hiện từ khởi công đến 31/5/2024 | O5: Lũy kế giải ngân từ khởi công đến hết ngày 31/5/2024 | S5: Đơn vị thực hiện/ Chủ đầu tư | U5: Thời gian KC-HT | V5: Tổng kế hoạch vốn | W5: Ghi chú
B6: TỔNG CỘNG | H6: =#REF!+#REF!+#REF! -> #REF! | I6: =#REF!+#REF!+#REF! -> #REF! | J6: =#REF!+#REF!+#REF! -> #REF! | K6: =#REF!+#REF!+#REF! -> #REF! | L6: =#REF!+#REF!+#REF! -> #REF! | M6: =#REF!+#REF!+#REF! -> #REF! | N6: =#REF!+#REF!+#REF! -> #REF! | O6: =#REF!+#REF!+#REF! -> #REF! | ... S6: =#REF!+#REF!+#REF! -> #REF! | V6: =+V7+V11+V13 -> 2683 | AH6: =40000-V6 -> 37317 | AI6: =#REF!+AH6 -> #REF! | AJ6: =AI6-#REF! -> #REF! | AK6: 160067 | AL6: =AK6-#REF! -> #REF! | AM6: =AL6-#REF! -> #REF!
A7: I | B7: Giáo dục và đào tạo | V7: =+SUM(V8:V10) -> 2595
A8: 1 | B8: Xây dựng nhà lớp học 2 tầng 8 phòng trường mầm non Tân Long điểm Đồng Mây | T8: Trung tâm Dịch vụ tổng hợp xã Quang Sơn | U8: 2024-2025 | V8: 2380
A9: 2 | B9: Xây dựng nhà hiệu bộ, phòng chức năng, bếp ăn một chiều và các công trình phụ trợ Trường mầm non Tân Long - Điểm trường trung tâm | T9: Trung tâm Dịch vụ tổng hợp xã Quang Sơn | U9: 2024-2025 | V9: 185
A10: 3 | B10: Cải tạo sửa chữa bếp ăn bán trú và mở rộng sân điểm trường Mầm non Lân Đăm, xã Quang Sơn | T10: Trung tâm Dịch vụ tổng hợp xã Quang Sơn | U10: 2025 | V10: 30 | BC10: ok
A11: II | B11: Sự nghiệp kinh tế | V11: =+V12 -> 86
A12: 1 | B12: Điều chỉnh Quy hoạch chung xây dựng xã Tân Long, huyện Đồng Hỷ giai đoạn 2023-2033 | T12: Trung tâm Dịch vụ tổng hợp xã Quang Sơn | U12: 2024-2025 | V12: 86 | BC12: ok
A13: III | B13: Sự nghiệp bảo đảm xã hội | V13: =+V14 -> 2
A14: 2 | B14: Xã Tân Long (Giải quyết tình trạng thiếu nhà ở) | T14: Trung tâm Dịch vụ tổng hợp xã Quang Sơn | U14: 2025 | V14: 2 | BC14: ok

Sheet 07-chuyen nguon
F1: Biểu số 07
A2: BIỂU CHI TIẾT PHÂN BỔ KINH PHÍ TỪ NGUỒN CHUYỂN NGUỒN NGÂN SÁCH NĂM 2024 SANG NĂM 2025
A3: =+'01-Cân đôi'!A3:D3 -> (Kèm theo Nghị quyết số /NQ-HĐND ngày tháng 9 năm 2025 của HĐND xã Quang Sơn)
F4: ĐVT: đồng
A5: TT | B5: Nôị dung | C5: Tổng số | D5: Trong đó | F5: Ghi chú
D6: Vốn đầu tư | E6: Vốn sự nghiệp
B7: TỔNG CỘNG | C7: =+D7+E7 -> 5281044809 | D7: =+D8+D10+D12+D29+D40+D39 -> 3061790660 | E7: =+E8+E10+E12+E29+E40+E39 -> 2219254149
A8: 1 | B8: Chi từ nguồn tăng thu, nguồn khác | C8: =+C9 -> 476000000 | D8: =+D9 -> 476000000 | E8: =+E9 -> 0
B9: Khắc phục hư hỏng đường giao thông phía sau trường tiểu học Sa Lung xã Tân Long | C9: =+SUM(D9:E9) -> 476000000 | D9: 476000000 | F9: cấp huyện chuyển về
A10: 2 | B10: Chi từ nguồn tiền đất | C10: =+C11 -> 73000000 | D10: =+D11 -> 73000000 | E10: =+E11 -> 0
B11: Điều chỉnh quy hoạch chung xây dựng xã Tân Long, huyện Đồng Hỷ giai đoạn 2023-2033 | C11: =+D11+E11 -> 73000000 | D11: 73000000
A12: 3 | B12: Vốn dân tộc thiểu số | C12: =+C13+C28 -> 2948821441 | D12: =+D13+D28 -> 2123312660 | E12: =+E13+E28 -> 825508781
A13: 3.1 | B13: Đầu tư | C13: =+SUM(C14:C27) -> 2123312660 | D13: =+SUM(D14:D27) -> 2123312660 | E13: =+SUM(E14:E27) -> 0
B14: Xây dựng nhà lớp học 2 tầng 8 phòng học Trường Mầm non Tân Long - Điểm Đồng Mây | C14: =+SUM(D14:E14) -> 1799000000 | D14: 1799000000 | F14: cấp huyện chuyển về
B15: Xây dựng nhà văn hoá xóm Lân Đăm, xã Quang Sơn | C15: =+SUM(D15:E15) -> 34300000 | D15: 34300000
B16: Nâng cấp cải tạo đường bê tông xóm Lân Đăm xã Quang Sơn GD3 | C16: =+SUM(D16:E16) -> 55000 | D16: 55000
C17: =+SUM(D17:E17) -> 19545660 | D17: 19545660
B18: Xây dựng cổng, sân, tường rào và các công trình phụ trợ khác nhà văn hóa xóm Làng Giếng xã Tân Long | C18: =+SUM(D18:E18) -> 17100000 | D18: 17100000
B19: Xây dựng cổng, sân, tường rào và các công trình phụ trợ khác nhà văn hóa xóm Đồng Luông xã Tân Long | C19: =+SUM(D19:E19) -> 25400000 | D19: 25400000
B20: Xây dựng cổng, sân, tường rào và các công trình phụ trợ khác nhà văn hóa xóm Ba Đình xã Tân Long | C20: =+SUM(D20:E20) -> 29378000 | D20: 29378000
B21: Xây dựng tường rào trường Tiểu học Sa Lung khu trung tâm xã Tân Long | C21: =+SUM(D21:E21) -> 17534000 | D21: 17534000
B22: Xây dựng cổng, sân, tường rào và các công trình phụ trợ khác nhà văn hóa xóm Đồng Mẫu xã Tân Long | C22: =+SUM(D22:E22) -> 18700000 | D22: 18700000
B23: Xây dựng tường rào, sân, rãnh thoát nước và các công trình phụ trợ khác nhà văn hóa xóm Lân Quan xã Tân Long | C23: =+SUM(D23:E23) -> 62700000 | D23: 62700000
B24: Xây dựng cổng, sân, tường rào và các công trình phụ trợ khác nhà văn hóa xóm Mỏ Ba xã Tân Long | C24: =+SUM(D24:E24) -> 27300000 | D24: 27300000
B25: Xây dựng cổng, sân, tường rào và các công trình phụ trợ khác nhà văn hóa xóm Hồng Phong xã Tân Long | C25: =+SUM(D25:E25) -> 27800000 | D25: 27800000
B26: Xây dựng kè chống sạt lở đường giao thông từ xóm Đồng Mây đi xóm Làng Giếng, xã Tân Long | C26: =+SUM(D26:E26) -> 6700000 | D26: 6700000
B27: Xây dựng cổng, sân, tường rào và các công trình phụ trợ khác nhà văn hóa xóm Đồng Mây xã Tân Long | C27: =+SUM(D27:E27) -> 37800000 | D27: 37800000
A28: 3.2 | B28: Thường xuyên | C28: =+D28+E28 -> 825508781 | E28: 825508781
A29: 4 | B29: Vốn nông thôn mới | C29: =+SUM(D29:E29) -> 389478000 | D29: =+D30 -> 389478000 | E29: =+E30 -> 0
B30: Đầu tư | C30: =+D30+E30 -> 389478000 | D30: =+SUM(D31:D38) -> 389478000 | E30: =+SUM(E31:E38) -> 0
B31: Cải tạo, sửa chữa nền nhà lớp học 2 tầng 8 phòng học và xây mới nhà đa năng trường THCS Quang Sơn | C31: =+SUM(D31:E31) -> 48331000 | D31: 48331000
B32: Xây dựng tường rào, kè chắn đất UBND xã Tân Long | C32: =+SUM(D32:E32) -> 31237000 | D32: 31237000
B33: Xây dựng nhà văn hóa xóm Làng Giếng xã Tân Long | C33: =+SUM(D33:E33) -> 64745000 | D33: 64745000
B34: Nâng cấp sân trung tâm văn hóa thể thao xã Tân Long giai đoạn 2; Hạng mục: Mặt sân, đèn chiếu sáng, rãnh tiêu, thoát nước | C34: =+SUM(D34:E34) -> 87300000 | D34: 87300000
B35: Sửa chữa kênh mương xóm Đồng Luông xã Tân Long | C35: =+SUM(D35:E35) -> 48405000 | D35: 48405000
B36: XD kè đá đoạn cổng trường TH sa Lung, xã Tân Long | C36: =+SUM(D36:E36) -> 33700000 | D36: 33700000
B37: Cải tạo, nâng cấp kênh mương xóm Làng Mới xã Tân Long | C37: =+SUM(D37:E37) -> 43680000 | D37: 43680000
B38: Cải tạo, nâng cấp kênh mương Đồng Sim xóm Ba Đình xã Tân Long | C38: =+SUM(D38:E38) -> 32080000 | D38: 32080000
A39: 5 | B39: Vốn giảm nghèo | C39: =+SUM(D39:E39) -> 195180000 | E39: 195180000
A40: 6 | B40: Kinh phí khác | C40: =+SUM(D40:E40) -> 1198565368 | D40: =+SUM(D41:D43) -> 0 | E40: =+SUM(E41:E43) -> 1198565368
B41: Nguồn thực hiện chính sách cải cách tiền lương còn chuyển sang tiếp tục theo dõi | C41: =+SUM(D41:E41) -> 314647685 | E41: 314647685
B42: Chi sự nghiệp kinh tế, môi trường (nguồn phí môi trường) | C42: =+SUM(D42:E42) -> 484120000 | E42: 484120000 | F42: phân bổ sau
B43: Sự nghiệp giáo dục đào tạo - Chi trả chế độ nghỉ công tác theo Nghị quyết 18/2021/NQ-HĐND ngày 10/12/2021 của HĐND tỉnh | C43: =+SUM(D43:E43) -> 399797683 | E43: 399797683 | F43: đã chi

Sheet 08-kết dư
F1: Biểu số 08
A2: BIỂU CHI TIẾT PHÂN BỔ KINH PHÍ TỪ NGUỒN KẾT DƯ NGÂN SÁCH NĂM 2024
A3: =+'01-Cân đôi'!A3:D3 -> (Kèm theo Nghị quyết số /NQ-HĐND ngày tháng 9 năm 2025 của HĐND xã Quang Sơn)
F4: ĐVT: đồng
A5: TT | B5: Nôị dung | C5: Tổng số | D5: Trong đó | F5: Ghi chú
D6: Kết dư ngân sách cấp huyện (trước sắp xếp) | E6: Kết dư ngân sách cấp xã (trước sắp xếp)
B7: TỔNG CỘNG | C7: =+D7+E7 -> 4867652963 | D7: =+D8+D10 -> 4491660585 | E7: =+E8+E10 -> 375992378
A8: I | B8: Văn phòng HĐND và UBND | C8: =SUM(C9:C9) -> 364000000 | D8: =SUM(D9:D9) -> 364000000 | E8: =SUM(E9:E9) -> 0
A9: 1 | B9: Chi hỗ trợ đảm bảo cơ sở vật chất để phục vụ mô hình chính quyền 02 cấp | C9: =SUM(D9:E9) -> 364000000 | D9: 364000000 | E9: 0
A10: II | B10: Chưa phân bổ chi tiết | C10: =SUM(C11:C16) -> 4503652963 | D10: =SUM(D11:D16) -> 4127660585 | E10: =SUM(E11:E16) -> 375992378
A11: 1 | B11: Xã Tân Long (cũ) | C11: =SUM(D11:E11) -> 196368799 | D11: 0 | E11: 196368799
A12: 2 | B12: Xã Quang Sơn (cũ) | C12: =SUM(D12:E12) -> 179623579 | D12: 0 | E12: 179623579
A13: 3 | B13: Công tác quy hoạch (nguồn xã hội hóa) | C13: =SUM(D13:E13) -> 223500000 | D13: 223500000
A14: 4 | B14: Chi sự nghiệp kinh tế, môi trường (nguồn phí môi trường) | C14: =SUM(D14:E14) -> 2034160585 | D14: 2034160585 | E14: 0
A15: 5 | B15: Chi sự nghiệp giáo dục | C15: =SUM(D15:E15) -> 1870000000 | D15: 1870000000 | E15: 0

Sheet 09-VT
E1: Biểu số 09
A2: BIỂU CHI TIẾT PHÂN BỔ KẾ HOẠCH VỐN CHI TỪ NGUỒN VIỆN TRỢ, HUY ĐỘNG, ĐÓNG GÓP
A3: =+'01-Cân đôi'!A3:D3 -> (Kèm theo Nghị quyết số /NQ-HĐND ngày tháng 9 năm 2025 của HĐND xã Quang Sơn)
E4: ĐVT: triệu đồng
A5: TT | B5: Nôị dung | C5: Đơn vị thực hiện/ Chủ đầu tư | D5: Tổng số | E5: Ghi chú
A7: 1 | B7: Xây dựng nhà hiệu bộ, phòng chức năng, bếp ăn một chiều và các công trình phụ trợ Trường mầm non Tân Long - Điểm trường trung tâm | C7: Trung tâm Dịch vụ tổng hợp xã Quang Sơn | D7: 3122

Sheet P.b1
U1: Phụ biểu 01
A2: BIỂU CHI TIẾT DỰ TOÁN CHI KINH PHÍ SỰ NGHIỆP GIÁO DỤC- ĐÀO TẠO NĂM 2025 CÁC TRƯỜNG: MẦM NON, TIỂU HỌC, TRUNG HỌC CƠ SỞ TRÊN ĐỊA BÀN XÃ NAM HOÀ
A3: =+'01-Cân đôi'!A3:D3 -> (Kèm theo Nghị quyết số /NQ-HĐND ngày tháng 9 năm 2025 của HĐND xã Quang Sơn)
V4: ĐVT: đ
A5: TT | B5: Đơn vị | C5: Kinh phí chi tự chủ | E5: Kinh phí chi không thường xuyên
C6: Chi lương, phụ cấp lương và các khoản đóng góp, chi hoạt động | D6: Khen thưởng tập thể, cá nhân (QĐ 2269/QĐ-UBND) | E6: Hợp đồng theo Nghị định số 111/2022/NĐ-CP ngày 30/12/2022 của Chính phủ | F6: Chi NC hệ thống thông tin đảm bảo an toàn theo cấp độ | G6: Tiền thưởng theo NĐ 73/NĐ-CP | I6: Các chế độ chính sách
G7: Nguồn sự nghiệp giáo dục | H7: Nguồn CCTL | I7: Kinh phí hỗ trợ theo nghị định số 116/2016/NĐ-CP ngày 18/7/2016 | J7: Kinh phí theo nghị định số 76/2019/NĐ-CP | K7: Kinh phí cấp bù học phí theo NĐ 81/2021/NĐ-CP ngày 27/8/2021 | L7: Kinh phí hỗ trợ chi phí học tập theo NĐ 81/2021/NĐ-CP ngày 27/8/2021 | M7: Kinh phí hỗ trợ học phí theo NQ số 11/2023/NQ-HĐND ngày 20/7/2023 của HĐND tỉnh Thái Nguyên | N7: Kinh phí hỗ trợ ăn trưa cho nhà trẻ theo NQ số 11/2023/NQ-HĐND | O7: Kinh phí hỗ trợ ăn trưa cho trẻ 3,4,5 tuổi theo Nghị định số 105/2020/NĐ-CP | P7: Kinh phí hỗ trợ tăng cường tiếng việt cho trẻ em là người DTTS theo Nghị định số 105/2020/NĐ-CP | Q7: Kinh phí chế độ học sinh khuyết tật theo Thông tư 42/2013/TTLT-BGĐT-BLĐTBXH-BTC | R7: Kinh phí hỗ trợ kinh phí phục vụ nấu ăn cho học sinh theo NĐ 116/2016/NĐ-CP, Nghị quyết số 44/2016/NQ-HĐND | S7: Kinh phí chế độ học sinh bán trú được hỗ trợ theo NĐ 116/2016/NĐ-CP | T7: Kinh phí hỗ trợ giáo viên giảng dạy lớp có học sinh khuyết tật theo Nghị định số 28/2012/NĐ-CP | U7: Kinh phí hỗ trợ học phí cho nhà trẻ, mẫu giáo theo Nghị quyết số 05/2024/NQ-HĐND | V7: Kinh phí hỗ trợ công nhận lại trường chuẩn, kiểm định chất lượng GD, thư viện TT năm 2025
A8: A | B8: B | C8: 1 | D8: 2 | E8: 3 | F8: 4 | G8: 5 | H8: 6 | I8: 7 | J8: 8 | K8: 9 | L8: 10 | M8: 11 | N8: 12 | O8: 13 | P8: 14 | Q8: 15 | R8: 16 | S8: 17 | T8: 18 | U8: 19 | V8: 20
B9: TỔNG CỘNG | C9: =C10+C13+C17 -> 81200000 | D9: =D10+D13+D17 -> 225450000 | E9: =E10+E13+E17 -> 718500000 | F9: =F10+F13+F17 -> 100100000 | G9: =G10+G13+G17 -> 891195000 | H9: =H10+H13+H17 -> 891195000 | I9: =I10+I13+I17 -> 963784000 | J9: =J10+J13+J17 -> 273551850 | ... V9: =V10+V13+V17 -> 80000000 | W9: =+SUM(C9:V9) -> 6144117356
A10: I | B10: Khối Trường Mầm non | C10: =C11+C12 -> 0 | D10: =D11+D12 -> 75460000 | E10: =E11+E12 -> 231300000 | F10: =F11+F12 -> 28600000 | G10: =G11+G12 -> 276068000 | H10: =H11+H12 -> 276068000 | I10: =I11+I12 -> 0 | J10: =J11+J12 -> 64168650 | ... V10: =V11+V12 -> 0 | W10: 6144117356
A11: 1 | B11: MN Tân Long | D11: 46490000 | E11: 72900000 | F11: 14300000 | G11: 176356000 | H11: 176356000 | J11: 64168650 | M11: 1800000 | N11: 67680000 | O11: 403200000 | P11: 44550000 | T11: 56271516 | U11: 19662500 | W11: =+W10-W9 -> 0
A12: 2 | B12: MN Quang Sơn | D12: 28970000 | E12: 158400000 | F12: 14300000 | G12: 99712000 | H12: 99712000 | K12: 14072000 | L12: 2700000 | M12: 2520000 | N12: 14400000 | O12: 57720000 | P12: 4050000 | T12: 24456640 | U12: 22105000
A13: II | B13: Khối Trường Tiểu học | C13: =C14+C15+C16 -> 0 | D13: =D14+D15+D16 -> 92750000 | E13: =E14+E15+E16 -> 487200000 | F13: =F14+F15+F16 -> 42900000 | G13: =G14+G15+G16 -> 381042500 | H13: =H14+H15+H16 -> 381042500 | I13: =I14+I15+I16 -> 0 | J13: =J14+J15+J16 -> 70200000 | ... V13: =V14+V15+V16 -> 0
A14: 1 | B14: TH Tân Long | D14: 30370000 | E14: 243600000 | F14: 14300000 | G14: 118820500 | H14: 118820500 | Q14: 50544000 | S14: 11700000 | T14: 163701854
A15: 2 | B15: TH Quang Sơn | D15: 28970000 | E15: 81200000 | F15: 14300000 | G15: 126876500 | H15: 126876500 | J15: 23400000 | Q15: 16848000 | T15: 45475627
A16: 3 | B16: Tiểu học Sa Lung | D16: 33410000 | E16: 162400000 | F16: 14300000 | G16: 135345500 | H16: 135345500 | J16: 46800000 | Q16: 89856000 | S16: 36270000 | T16: 142368747
A17: III | B17: Khối Trường Trung học cơ sở | C17: =C18+C19 -> 81200000 | D17: =D18+D19 -> 57240000 | E17: =E18+E19 -> 0 | F17: =F18+F19 -> 28600000 | G17: =G18+G19 -> 234084500 | H17: =H18+H19 -> 234084500 | I17: =I18+I19 -> 963784000 | J17: =J18+J19 -> 139183200 | ... V17: =V18+V19 -> 80000000
A18: 1 | B18: THCS Tân Long | C18: 81200000 | D18: 33410000 | F18: 14300000 | G18: 135047500 | H18: 135047500 | I18: 963784000 | J18: 139183200 | Q18: 29696000 | R18: 23400000 | S18: 244764000 | T18: 209864582 | V18: 30000000
A19: 2 | B19: THCS Quang Sơn | D19: 23830000 | F19: 14300000 | G19: 99037000 | H19: 99037000 | Q19: 16848000 | T19: 102617040 | V19: 50000000

Sheet Chi xã
A1: Phụ lục II
A2: SỐ BỔ SUNG TỪ NGÂN SÁCH CẤP TỈNH CHO NGÂN SÁCH XÃ, PHƯỜNG NĂM 2025
A4: STT | B4: Địa phương | C4: TỔNG THU NSNN TRÊN ĐỊA BÀN | D4: Thu ngân sách địa phương | J4: Tổng chi ngân sách cấp xã | K4: Trong đó
D5: Tổng số | E5: Trong đó | K5: Chi từ nguồn thu tiền sử dụng đất | L5: Chi sự nghiệp giáo dục | M5: Dự phòng ngân sách | N5: Chi chuyển nguồn CCTL
E6: Thu NSĐP hưởng theo phân cấp | F6: Bổ sung từ ngân sách cấp tỉnh | I6: Thu chuyển nguồn CCTL
F7: Tổng | G7: Bổ sung cân đối | H7: Bổ sung mục tiêu | L7: Chi sự nghiệp giáo dục | N7: Dự phòng ngân sách
B8: Tổng số | C8: =SUM(C9:C63) -> #REF! | D8: =SUM(D9:D63) -> 5829057.2 | E8: =SUM(E9:E63) -> 137306.36 | F8: =SUM(F9:F63) -> 5633547.8 | G8: =SUM(G9:G63) -> 1126383.9 | H8: =SUM(H9:H63) -> 4507163.9 | I8: =SUM(I9:I63) -> 58203.096 | J8: =SUM(J9:J63) -> 5829057 | ... N8: =SUM(N9:N63) -> 25231.064
A9: 1 | B9: Phường Phan Đình Phùng | C9: =#REF! -> #REF! | D9: =E9+F9+I9 -> 362109.5 | E9: ='[2]Tổng '!D8 -> 16799.656 | F9: =SUM(G9:H9) -> 332634.94 | G9: ='[2]Tổng '!F8 -> 48168.925 | H9: ='[2]Tổng '!G8 -> 284466.02 | I9: ='[2]Tổng '!J8 -> 12674.906 | J9: ='[2]Tổng '!K8 -> 362109.5 | K9: ='[2]Tổng '!R8 -> 0 | L9: ='[2]Tổng '!N8 -> 284466.02 | M9: ='[2]Tổng '!S8 -> 1476.585 | N9: ='[2]Tổng '!T8 -> 3164.223
A10: 2 | B10: Phường Linh Sơn | C10: =#REF! -> #REF! | D10: =E10+F10+I10 -> 173243.08 | E10: ='[2]Tổng '!D9 -> 15823.05 | F10: =SUM(G10:H10) -> 155807.68 | G10: ='[2]Tổng '!F9 -> 30555.393 | H10: ='[2]Tổng '!G9 -> 125252.29 | I10: ='[2]Tổng '!J9 -> 1612.353 | J10: ='[2]Tổng '!K9 -> 173241.87 | K10: ='[2]Tổng '!R9 -> 0 | L10: ='[2]Tổng '!N9 -> 125252.29 | M10: ='[2]Tổng '!S9 -> 950.408 | N10: ='[2]Tổng '!T9 -> 0
A11: 3 | B11: Phường Tích Lương | C11: =#REF! -> #REF! | D11: =E11+F11+I11 -> 196644.31 | E11: ='[2]Tổng '!D10 -> 8485.552 | F11: =SUM(G11:H11) -> 184345.84 | G11: ='[2]Tổng '!F10 -> 35843.045 | H11: ='[2]Tổng '!G10 -> 148502.79 | I11: ='[2]Tổng '!J10 -> 3812.919 | J11: ='[2]Tổng '!K10 -> 196644.31 | K11: ='[2]Tổng '!R10 -> 0 | L11: ='[2]Tổng '!N10 -> 148502.79 | M11: ='[2]Tổng '!S10 -> 954.236 | N11: ='[2]Tổng '!T10 -> 0
A12: 4 | B12: Phường Gia Sàng | C12: =#REF! -> #REF! | D12: =E12+F12+I12 -> 134097.31 | E12: ='[2]Tổng '!D11 -> 6262.504 | F12: =SUM(G12:H12) -> 127746.35 | G12: ='[2]Tổng '!F11 -> 33361.671 | H12: ='[2]Tổng '!G11 -> 94384.681 | I12: ='[2]Tổng '!J11 -> 88.454 | J12: ='[2]Tổng '!K11 -> 134096.93 | K12: ='[2]Tổng '!R11 -> 0 | L12: ='[2]Tổng '!N11 -> 94384.681 | M12: ='[2]Tổng '!S11 -> 786.665 | N12: ='[2]Tổng '!T11 -> 0
A13: 5 | B13: Phường Quyết Thắng | C13: =#REF! -> #REF! | D13: =E13+F13+I13 -> 96246.388 | E13: ='[2]Tổng '!D12 -> 4524.46 | F13: =SUM(G13:H13) -> 73149.225 | G13: ='[2]Tổng '!F12 -> 14899.018 | H13: ='[2]Tổng '!G12 -> 58250.207 | I13: ='[2]Tổng '!J12 -> 18572.703 | J13: ='[2]Tổng '!K12 -> 96246.388 | K13: ='[2]Tổng '!R12 -> 0 | L13: ='[2]Tổng '!N12 -> 58250.207 | M13: ='[2]Tổng '!S12 -> 517.239 | N13: ='[2]Tổng '!T12 -> 11923.982
A14: 6 | B14: Phường Quan Triều | C14: =#REF! -> #REF! | D14: =E14+F14+I14 -> 140699.11 | E14: ='[2]Tổng '!D13 -> 8533.996 | F14: =SUM(G14:H14) -> 128841.65 | G14: ='[2]Tổng '!F13 -> 25823.682 | H14: ='[2]Tổng '!G13 -> 103017.97 | I14: ='[2]Tổng '!J13 -> 3323.46 | J14: ='[2]Tổng '!K13 -> 140699.11 | K14: ='[2]Tổng '!R13 -> 0 | L14: ='[2]Tổng '!N13 -> 103017.97 | M14: ='[2]Tổng '!S13 -> 746.747 | N14: ='[2]Tổng '!T13 -> 0
A15: 7 | B15: Xã Tân Cương | C15: =#REF! -> #REF! | D15: =E15+F15+I15 -> 88286.514 | E15: ='[2]Tổng '!D14 -> 5091.552 | F15: =SUM(G15:H15) -> 79767.741 | G15: ='[2]Tổng '!F14 -> 20457 | H15: ='[2]Tổng '!G14 -> 59310.741 | I15: ='[2]Tổng '!J14 -> 3427.221 | J15: ='[2]Tổng '!K14 -> 88287.514 | K15: ='[2]Tổng '!R14 -> 0 | L15: ='[2]Tổng '!N14 -> 59310.741 | M15: ='[2]Tổng '!S14 -> 574.137 | N15: ='[2]Tổng '!T14 -> 0
A16: 8 | B16: Xã Đại Phúc | C16: =#REF! -> #REF! | D16: =E16+F16+I16 -> 182952.77 | E16: ='[2]Tổng '!D15 -> 10764.008 | F16: =SUM(G16:H16) -> 167619.37 | G16: ='[2]Tổng '!F15 -> 23095.536 | H16: ='[2]Tổng '!G15 -> 144523.84 | I16: ='[2]Tổng '!J15 -> 4569.386 | J16: ='[2]Tổng '!K15 -> 182952.77 | K16: ='[2]Tổng '!R15 -> 0 | L16: ='[2]Tổng '!N15 -> 138869.84 | M16: ='[2]Tổng '!S15 -> 755.515 | N16: ='[2]Tổng '!T15 -> 20.609
A17: 9 | B17: Xã Đại Từ | C17: =#REF! -> #REF! | D17: =E17+F17+I17 -> 107914.5 | E17: ='[2]Tổng '!D16 -> 891 | F17: =SUM(G17:H17) -> 107023.5 | G17: ='[2]Tổng '!F16 -> 22609 | H17: ='[2]Tổng '!G16 -> 84414.5 | I17: ='[2]Tổng '!J16 -> 0 | J17: ='[2]Tổng '!K16 -> 107914.5 | K17: ='[2]Tổng '!R16 -> 0 | L17: ='[2]Tổng '!N16 -> 70493.5 | M17: ='[2]Tổng '!S16 -> 507 | N17: ='[2]Tổng '!T16 -> 0
A18: 10 | B18: Xã Đức Lương | C18: =#REF! -> #REF! | D18: =E18+F18+I18 -> 59716.3 | E18: ='[2]Tổng '!D17 -> 272 | F18: =SUM(G18:H18) -> 59444.3 | G18: ='[2]Tổng '!F17 -> 14332 | H18: ='[2]Tổng '!G17 -> 45112.3 | I18: ='[2]Tổng '!J17 -> 0 | J18: ='[2]Tổng '!K17 -> 59716.3 | K18: ='[2]Tổng '!R17 -> 0 | L18: ='[2]Tổng '!N17 -> 36303.3 | M18: ='[2]Tổng '!S17 -> 320 | N18: ='[2]Tổng '!T17 -> 0
A19: 11 | B19: Xã Phú Thịnh | C19: =#REF! -> #REF! | D19: =E19+F19+I19 -> 82372.8 | E19: ='[2]Tổng '!D18 -> 737 | F19: =SUM(G19:H19) -> 81635.8 | G19: ='[2]Tổng '!F18 -> 16481 | H19: ='[2]Tổng '!G18 -> 65154.8 | I19: ='[2]Tổng '!J18 -> 0 | J19: ='[2]Tổng '!K18 -> 82372.8 | K19: ='[2]Tổng '!R18 -> 0 | L19: ='[2]Tổng '!N18 -> 54629.8 | M19: ='[2]Tổng '!S18 -> 379 | N19: ='[2]Tổng '!T18 -> 0
A20: 12 | B20: Xã La Bằng | C20: =#REF! -> #REF! | D20: =E20+F20+I20 -> 78203 | E20: ='[2]Tổng '!D19 -> 1588 | F20: =SUM(G20:H20) -> 76615 | G20: ='[2]Tổng '!F19 -> 14700 | H20: ='[2]Tổng '!G19 -> 61915 | I20: ='[2]Tổng '!J19 -> 0 | J20: ='[2]Tổng '!K19 -> 78203 | K20: ='[2]Tổng '!R19 -> 0 | L20: ='[2]Tổng '!N19 -> 52223 | M20: ='[2]Tổng '!S19 -> 363 | N20: ='[2]Tổng '!T19 -> 0
... A63: 55 | B63: Xã Sảng Mộc | C63: =#REF! -> #REF! | D63: =E63+F63+I63 -> 41486.482 | E63: ='[2]Tổng '!D62 -> 52 | F63: =SUM(G63:H63) -> 41434.482 | G63: ='[2]Tổng '!F62 -> 5191 | H63: ='[2]Tổng '!G62 -> 36243.482 | I63: ='[2]Tổng '!J62 -> 0 | J63: ='[2]Tổng '!K62 -> 41486.482 | K63: ='[2]Tổng '!R62 -> 0 | L63: ='[2]Tổng '!N62 -> 33022.482 | M63: ='[2]Tổng '!S62 -> 109 | N63: ='[2]Tổng '!T62 -> 0

Sheet Sheet3
A1: STT | B1: Nội dung | C1: Dự toán năm 2025 | D1: Dự toán năm 2025 sau sắp xếp | E1: Chênh lệch
A2: 1 | B2: Tổng thu ngân sách nhà nước trên địa bàn | C2: =#REF! -> #REF! | D2: =#REF! -> #REF! | E2: =C2-D2 -> #REF!
A3: 2 | B3: Thu NSĐP hưởng theo phân cấp | C3: ='Chi xã'!E8 -> 137306.36 | D3: ='Chi xã'!E8 -> 137306.36 | E3: =C3-D3 -> 0
A4: 3 | B4: Số bổ sung cân đối | C4: ='Chi xã'!G8 -> 1126383.9 | D4: =C4 -> 1126383.9 | E4: =C4-D4 -> 0
A5: 4 | B5: Số bổ sung có mục tiêu | C5: ='[2]Tổng '!$I$7+3 -> 269232.66 | D5: =Chi!H9 -> 269229.66 | E5: =D5-C5 -> -3
A6: 5 | B6: Số thu chuyển nguồn CCTL | C6: ='Chi xã'!I8 -> 58203.096 | D6: =C6 -> 58203.096 | E6: =D6-C6 -> 0
A7: 6 | B7: Tổng chi ngân sách địa phương | C7: ='Chi xã'!J8-'Chi xã'!L8 -> 1591125.7 | D7: =Chi!J9 -> 1591125.7 | E7: =D7-C7 -> 0

Sheet Chi
A1: Phụ lục II
A2: SỐ BỔ SUNG TỪ NGÂN SÁCH CẤP TỈNH CHO NGÂN SÁCH XÃ, PHƯỜNG NĂM 2025
K4: ĐVT: Triệu đồng
A5: STT | B5: Địa phương | C5: TỔNG THU NSNN TRÊN ĐỊA BÀN | D5: Thu ngân sách địa phương | J5: Tổng chi ngân sách cấp xã
D6: Tổng số | E6: Trong đó | J6: Tổng số (*) | K6: Trong đó
E7: Thu NSĐP hưởng theo phân cấp | F7: Bổ sung từ ngân sách tỉnh | I7: Thu chuyển nguồn CCTL | K7: Chi nguyên trạng xã | L7: Chi từ nguồn thu tiền sử dụng đất | M7: Dự phòng ngân sách | N7: Chi chuyển nguồn CCTL
F8: Tổng | G8: Bổ sung cân đối | H8: Bổ sung mục tiêu (nguyên trạng xã) | N8: Dự phòng ngân sách
B9: Tổng số | C9: =C10+C18+C24+C30+C35+C39+C44+C48+C54+C59+C63+C67+C71+C75+C79+C82+C85+C88+C93+C98+C103+C107+C110+C116+C120+C125+C131+C135+C140+C143+C146+C149+C152+C155+C159+C163+C167+C172+C177+C181+C185+C190+C195+C199+C203+C206+C209+C212+C215+C219+C223+C226+C229+C232+C235 -> #REF! | D9: =D10+D18+D24+D30+D35+D39+D44+D48+D54+D59+D63+D67+D71+D75+D79+D82+D85+D88+D93+D98+D103+D107+D110+D116+D120+D125+D131+D135+D140+D143+D146+D149+D152+D155+D159+D163+D167+D172+D177+D181+D185+D190+D195+D199+D203+D206+D209+D212+D215+D219+D223+D226+D229+D232+D235+3 -> 1591126 | E9: =E10+E18+E24+E30+E35+E39+E44+E48+E54+E59+E63+E67+E71+E75+E79+E82+E85+E88+E93+E98+E103+E107+E110+E116+E120+E125+E131+E135+E140+E143+E146+E149+E152+E155+E159+E163+E167+E172+E177+E181+E185+E190+E195+E199+E203+E206+E209+E212+E215+E219+E223+E226+E229+E232+E235 -> 137306.36 | F9: =F10+F18+F24+F30+F35+F39+F44+F48+F54+F59+F63+F67+F71+F75+F79+F82+F85+F88+F93+F98+F103+F107+F110+F116+F120+F125+F131+F135+F140+F143+F146+F149+F152+F155+F159+F163+F167+F172+F177+F181+F185+F190+F195+F199+F203+F206+F209+F212+F215+F219+F223+F226+F229+F232+F235 -> 1395613.5 | G9: =G10+G18+G24+G30+G35+G39+G44+G48+G54+G59+G63+G67+G71+G75+G79+G82+G85+G88+G93+G98+G103+G107+G110+G116+G120+G125+G131+G135+G140+G143+G146+G149+G152+G155+G159+G163+G167+G172+G177+G181+G185+G190+G195+G199+G203+G206+G209+G212+G215+G219+G223+G226+G229+G232+G235 -> 1126383.9 | H9: =H10+H18+H24+H30+H35+H39+H44+H48+H54+H59+H63+H67+H71+H75+H79+H82+H85+H88+H93+H98+H103+H107+H110+H116+H120+H125+H131+H135+H140+H143+H146+H149+H152+H155+H159+H163+H167+H172+H177+H181+H185+H190+H195+H199+H203+H206+H209+H212+H215+H219+H223+H226+H229+H232+H235 -> 269229.66 | I9: =I10+I18+I24+I30+I35+I39+I44+I48+I54+I59+I63+I67+I71+I75+I79+I82+I85+I88+I93+I98+I103+I107+I110+I116+I120+I125+I131+I135+I140+I143+I146+I149+I152+I155+I159+I163+I167+I172+I177+I181+I185+I190+I195+I199+I203+I206+I209+I212+I215+I219+I223+I226+I229+I232+I235 -> 58203.096 | J9: =J10+J18+J24+J30+J35+J39+J44+J48+J54+J59+J63+J67+J71+J75+J79+J82+J85+J88+J93+J98+J103+J107+J110+J116+J120+J125+J131+J135+J140+J143+J146+J149+J152+J155+J159+J163+J167+J172+J177+J181+J185+J190+J195+J199+J203+J206+J209+J212+J215+J219+J223+J226+J229+J232+J235 -> 1591125.7 | K9: =K10+K18+K24+K30+K35+K39+K44+K48+K54+K59+K63+K67+K71+K75+K79+K82+K85+K88+K93+K98+K103+K107+K110+K116+K120+K125+K131+K135+K140+K143+K146+K149+K152+K155+K159+K163+K167+K172+K177+K181+K185+K190+K195+K199+K203+K206+K209+K212+K215+K219+K223+K226+K229+K232+K235 -> 1533402.4 | L9: =L10+L18+L24+L30+L35+L39+L44+L48+L54+L59+L63+L67+L71+L75+L79+L82+L85+L88+L93+L98+L103+L107+L110+L116+L120+L125+L131+L135+L140+L143+L146+L149+L152+L155+L159+L163+L167+L172+L177+L181+L185+L190+L195+L199+L203+L206+L209+L212+L215+L219+L223+L226+L229+L232+L235 -> 6932 | ... N9: =N10+N18+N24+N30+N35+N39+N44+N48+N54+N59+N63+N67+N71+N75+N79+N82+N85+N88+N93+N98+N103+N107+N110+N116+N120+N125+N131+N135+N140+N143+N146+N149+N152+N155+N159+N163+N167+N172+N177+N181+N185+N190+N195+N199+N203+N206+N209+N212+N215+N219+N223+N226+N229+N232+N235 -> 25231.064 | O9: =D9-J9 -> 0.258
A10: 1 | B10: Phường Phan Đình Phùng | C10: =SUM(C11:C17) -> 144798 | D10: =E10+F10+I10 -> 77643.487 | E10: =SUM(E11:E17) -> 16799.656 | F10: =SUM(F11:F17) -> 48168.925 | G10: =SUM(G11:G17) -> 48168.925 | H10: =SUM(H11:H17) -> 0 | I10: =SUM(I11:I17) -> 12674.906 | J10: =SUM(K10:N10) -> 77643.487 | K10: =SUM(K11:K17) -> 73002.679 | L10: ='[2]Tổng '!R8 -> 0 | M10: =SUM(M11:M17) -> 1476.585 | N10: =SUM(N11:N17) -> 3164.223
B11: Hoàng Văn Thụ | C11: 28763 | D11: =E11+F11+I11 -> 11451.487 | E11: ='[2]Thu '!D9 -> 2671.996 | F11: =SUM(G11:H11) -> 8779.491 | G11: ='[2]Thu '!E9 -> 8779.491 | H11: ='[2]Thu '!F9 -> 0 | J11: =SUM(K11:N11) -> 11489.719 | K11: =[2]TPTN!$I$16+[2]TPTN!$I$11 -> 11262.306 | M11: =[2]TPTN!$I$31 -> 227.413 | N11: =[2]TPTN!$I$33 -> 0
B12: Phan Đình Phùng | C12: 31077 | D12: =E12+F12+I12 -> 14785.307 | E12: ='[2]Thu '!D4 -> 2955.456 | F12: =SUM(G12:H12) -> 11813.65 | G12: ='[2]Thu '!E4 -> 11813.65 | H12: ='[2]Thu '!F4 -> 0 | I12: 16.201 | J12: =SUM(K12:N12) -> 14769.106 | K12: =[2]TPTN!$D$16 -> 14476.007 | M12: =[2]TPTN!$D$31 -> 293.099 | N12: =[2]TPTN!$D$33 -> 0
B13: Quang Trung | C13: 21166 | D13: =E13+F13+I13 -> 19513.458 | E13: ='[2]Thu '!D8 -> 2150.06 | F13: =SUM(G13:H13) -> 9044.985 | G13: ='[2]Thu '!E8 -> 9044.985 | H13: ='[2]Thu '!F8 -> 0 | I13: 8318.413 | J13: =SUM(K13:N13) -> 11195.045 | K13: =[2]TPTN!$H$16 -> 10973.01 | M13: =[2]TPTN!$H$31 -> 222.035 | N13: =[2]TPTN!$H$33 -> 0
B14: Trưng Vương | C14: 18137 | D14: =E14+F14+I14 -> 10901.66 | E14: ='[2]Thu '!D5 -> 2024.936 | F14: =SUM(G14:H14) -> 6618.939 | G14: ='[2]Thu '!E5 -> 6618.939 | H14: ='[2]Thu '!F5 -> 0 | I14: 2257.785 | J14: =SUM(K14:N14) -> 8660.076 | K14: =[2]TPTN!$E$16 -> 8488.105 | M14: =[2]TPTN!$E$31 -> 171.971 | N14: =[2]TPTN!$E$33 -> 0
B15: Đồng Quang | C15: 17118 | D15: =E15+F15+I15 -> 7051.96 | E15: ='[2]Thu '!D7 -> 1674.244 | F15: =SUM(G15:H15) -> 5377.716 | G15: ='[2]Thu '!E7 -> 5377.716 | H15: ='[2]Thu '!F7 -> 0 | J15: =SUM(K15:N15) -> 9309.745 | K15: =[2]TPTN!$G$16 -> 9125.195 | M15: =[2]TPTN!$G$31 -> 184.55 | N15: =[2]TPTN!$G$33 -> 0
B16: Túc Duyên | C16: 17304 | D16: =E16+F16+I16 -> 4417.925 | E16: ='[2]Thu '!D6 -> 1718.38 | F16: =SUM(G16:H16) -> 2661.313 | G16: ='[2]Thu '!E6 -> 2661.313 | H16: ='[2]Thu '!F6 -> 0 | I16: 38.232 | J16: =SUM(K16:N16) -> 12698.106 | K16: =[2]TPTN!$F$16 -> 9345.068 | M16: =[2]TPTN!$F$31 -> 188.815 | N16: =[2]TPTN!$F$33 -> 3164.223
B17: Tân Thịnh | C17: 11233 | D17: =E17+F17+I17 -> 9521.69 | E17: ='[2]Thu '!D10 -> 3604.584 | F17: =SUM(G17:H17) -> 3872.831 | G17: ='[2]Thu '!E10 -> 3872.831 | H17: ='[2]Thu '!F10 -> 0 | I17: 2044.275 | J17: =SUM(K17:N17) -> 9521.69 | K17: =[2]TPTN!$J$16 -> 9332.988 | M17: =[2]TPTN!$J$31 -> 188.702 | N17: =[2]TPTN!$J$33 -> 0
A18: 2 | B18: Phường Linh Sơn | C18: =SUM(C19:C23) -> 29400 | D18: =E18+F18+I18 -> 47990.796 | E18: =SUM(E19:E23) -> 15823.05 | F18: =SUM(G18:H18) -> 30555.393 | G18: =SUM(G19:G23) -> 30555.393 | H18: =SUM(H19:H23) -> 0 | I18: =SUM(I19:I23) -> 1612.353 | J18: =SUM(K18:N18) -> 47989.586 | K18: =SUM(K19:K23) -> 47039.178 | L18: ='[2]Tổng '!R9 -> 0 | M18: =SUM(M19:M23) -> 950.408 | N18: =SUM(N19:N23) -> 0
B19: Chùa Hang | C19: 9730 | D19: =E19+F19+I19 -> 9400.324 | E19: ='[2]Thu '!D11 -> 2908.554 | F19: =SUM(G19:H19) -> 6491.77 | G19: ='[2]Thu '!E11 -> 6491.77 | H19: ='[2]Thu '!F11 -> 0 | I19: ='[2]Thu '!G11 -> 0 | J19: =SUM(K19:N19) -> 9399.864 | K19: =[2]TPTN!$K$16 -> 9213.811 | M19: =[2]TPTN!$K$31 -> 186.053
B20: Cao Ngạn | C20: 6279 | D20: =E20+F20+I20 -> 9837.488 | E20: ='[2]Thu '!D12 -> 5851.92 | F20: =SUM(G20:H20) -> 3953.816 | G20: ='[2]Thu '!E12 -> 3953.816 | H20: ='[2]Thu '!F12 -> 0 | I20: ='[2]Thu '!G12 -> 31.752 | J20: =SUM(K20:N20) -> 9836.738 | K20: =[2]TPTN!$L$16 -> 9642 | M20: =[2]TPTN!$L$31 -> 194.738
B21: Đồng Bẩm | C21: 8845 | D21: =E21+F21+I21 -> 8896.69 | E21: ='[2]Thu '!D13 -> 3044.376 | F21: =SUM(G21:H21) -> 4334.569 | G21: ='[2]Thu '!E13 -> 4334.569 | H21: ='[2]Thu '!F13 -> 0 | I21: ='[2]Thu '!G13 -> 1517.745 | J21: =SUM(K21:N21) -> 8896.69 | K21: =[2]TPTN!$M$16 -> 8719.961 | M21: =[2]TPTN!$M$31 -> 176.729
B22: Linh Sơn | C22: 1486 | D22: =E22+F22+I22 -> 9999.087 | E22: ='[2]Thu '!D14 -> 1283.12 | F22: =SUM(G22:H22) -> 8680.651 | G22: ='[2]Thu '!E14 -> 8680.651 | H22: ='[2]Thu '!F14 -> 0 | I22: ='[2]Thu '!G14 -> 35.316 | J22: =SUM(K22:N22) -> 9999.087 | K22: =[2]TPTN!$N$16 -> 9801.165 | M22: =[2]TPTN!$N$31 -> 197.922
B23: Huống Thượng | C23: 3060 | D23: =E23+F23+I23 -> 9857.207 | E23: ='[2]Thu '!D15 -> 2735.08 | F23: =SUM(G23:H23) -> 7094.587 | G23: ='[2]Thu '!E15 -> 7094.587 | H23: ='[2]Thu '!F15 -> 0 | I23: ='[2]Thu '!G15 -> 27.54 | J23: =SUM(K23:N23) -> 9857.207 | K23: =[2]TPTN!$O$16 -> 9662.241 | M23: =[2]TPTN!$O$31 -> 194.966
A24: 3 | B24: Phường Tích Lương | C24: =SUM(C25:C29) -> 40670 | D24: =E24+F24+I24 -> 48141.516 | E24: =SUM(E25:E29) -> 8485.552 | F24: =SUM(G24:H24) -> 35843.045 | G24: =SUM(G25:G29) -> 35843.045 | H24: =SUM(H25:H29) -> 0 | I24: =SUM(I25:I29) -> 3812.919 | J24: =SUM(K24:N24) -> 48141.516 | K24: =SUM(K25:K29) -> 47187.28 | L24: ='[2]Tổng '!R10 -> 0 | M24: =SUM(M25:M29) -> 954.236 | N24: ='[2]Tổng '!T10 -> 0
B25: Phú Xá | C25: 4786 | D25: =E25+F25+I25 -> 9851.471 | E25: ='[2]Thu '!D16 -> 1770.772 | F25: =SUM(G25:H25) -> 7794.745 | G25: ='[2]Thu '!E16 -> 7794.745 | H25: ='[2]Thu '!F16 -> 0 | I25: ='[2]Thu '!G16 -> 285.954 | J25: =SUM(K25:N25) -> 9851.471 | K25: =[2]TPTN!$P$16 -> 9656.274 | M25: =[2]TPTN!$P$31 -> 195.197
B26: Trung Thành | C26: 9789 | D26: =E26+F26+I26 -> 10410.965 | E26: ='[2]Thu '!D17 -> 2734.904 | F26: =SUM(G26:H26) -> 7642.04 | G26: ='[2]Thu '!E17 -> 7642.04 | H26: ='[2]Thu '!F17 -> 0 | I26: ='[2]Thu '!G17 -> 34.021 | J26: =SUM(K26:N26) -> 10410.965 | K26: =[2]TPTN!$R$16 -> 10204.553 | M26: =[2]TPTN!$R$31 -> 206.412
B27: Tân Thành | C27: 1548 | D27: =E27+F27+I27 -> 7722.295 | E27: ='[2]Thu '!D18 -> 579.24 | F27: =SUM(G27:H27) -> 7143.055 | G27: ='[2]Thu '!E18 -> 7143.055 | H27: ='[2]Thu '!F18 -> 0 | I27: ='[2]Thu '!G18 -> 0 | J27: =SUM(K27:N27) -> 7722.295 | K27: =[2]TPTN!$Q$16 -> 7569.01 | M27: =[2]TPTN!$Q$31 -> 153.285
B28: Tân Lập | C28: 20874 | D28: =E28+F28+I28 -> 9600.532 | E28: ='[2]Thu '!D19 -> 2038.992 | F28: =SUM(G28:H28) -> 4101.969 | G28: ='[2]Thu '!E19 -> 4101.969 | H28: ='[2]Thu '!F19 -> 0 | I28: ='[2]Thu '!G19 -> 3459.571 | J28: =SUM(K28:N28) -> 9600.532 | K28: =[2]TPTN!$S$16 -> 9410.295 | M28: =[2]TPTN!$S$31 -> 190.237
B29: Tích Lương | C29: 3673 | D29: =E29+F29+I29 -> 10556.253 | E29: ='[2]Thu '!D20 -> 1361.644 | F29: =SUM(G29:H29) -> 9161.236 | G29: ='[2]Thu '!E20 -> 9161.236 | H29: ='[2]Thu '!F20 -> 0 | I29: ='[2]Thu '!G20 -> 33.373 | J29: =SUM(K29:N29) -> 10556.253 | K29: =[2]TPTN!$T$16 -> 10347.148 | M29: =[2]TPTN!$T$31 -> 209.105
A30: 4 | B30: Phường Gia Sàng | C30: =C31+C32+C33+C34 -> 33914 | D30: =E30+F30+I30 -> 39712.629 | E30: =E31+E32+E33+E34 -> 6262.504 | F30: =SUM(G30:H30) -> 33361.671 | G30: =G31+G32+G33+G34 -> 33361.671 | H30: =H31+H32+H33+H34 -> 0 | I30: =I31+I32+I33+I34 -> 88.454 | J30: =SUM(K30:N30) -> 39712.245 | K30: =K31+K32+K33+K34 -> 38925.58 | L30: ='[2]Tổng '!R11 -> 0 | M30: =SUM(M31:M34) -> 786.665 | N30: ='[2]Tổng '!T11 -> 0
B31: Hương Sơn | C31: 7885 | D31: =E31+F31+I31 -> 10955.339 | E31: ='[2]Thu '!D21 -> 2110.192 | F31: =SUM(G31:H31) -> 8809.507 | G31: ='[2]Thu '!E21 -> 8809.507 | H31: ='[2]Thu '!F21 -> 0 | I31: ='[2]Thu '!G21 -> 35.64 | J31: =SUM(K31:N31) -> 10954.956 | K31: =[2]TPTN!$U$16 -> 10738 | M31: =[2]TPTN!$U$31 -> 216.956
B32: Đồng Liên | C32: 658 | D32: =E32+F32+I32 -> 8572.281 | E32: ='[2]Thu '!D22 -> 521.744 | F32: =SUM(G32:H32) -> 8027.208 | G32: ='[2]Thu '!E22 -> 8027.208 | H32: ='[2]Thu '!F22 -> 0 | I32: ='[2]Thu '!G22 -> 23.329 | J32: =SUM(K32:N32) -> 8572.281 | K32: =[2]TPTN!$V$16 -> 8402.391 | M32: =[2]TPTN!$V$31 -> 169.89
B33: Cam Giá | C33: 4944 | D33: =E33+F33+I33 -> 9923.341 | E33: ='[2]Thu '!D23 -> 1642.748 | F33: =SUM(G33:H33) -> 8251.108 | G33: ='[2]Thu '!E23 -> 8251.108 | H33: ='[2]Thu '!F23 -> 0 | I33: ='[2]Thu '!G23 -> 29.485 | J33: =SUM(K33:N33) -> 9923.341 | K33: =[2]TPTN!$W$16 -> 9726.786 | M33: =[2]TPTN!$W$31 -> 196.555
B34: Gia Sàng | C34: 20427 | D34: =E34+F34+I34 -> 10261.668 | E34: ='[2]Thu '!D24 -> 1987.82 | F34: =SUM(G34:H34) -> 8273.848 | G34: ='[2]Thu '!E24 -> 8273.848 | H34: ='[2]Thu '!F24 -> 0 | I34: ='[2]Thu '!G24 -> 0 | J34: =SUM(K34:N34) -> 10261.667 | K34: =[2]TPTN!$X$16 -> 10058.403 | M34: =[2]TPTN!$X$31 -> 203.264
A35: 5 | B35: Phường Quyết Thắng | C35: =SUM(C36:C38) -> 26871 | D35: =E35+F35+I35 -> 37996.181 | E35: =SUM(E36:E38) -> 4524.46 | F35: =SUM(G35:H35) -> 14899.018 | G35: =SUM(G36:G38) -> 14899.018 | H35: =SUM(H36:H38) -> 0 | I35: =SUM(I36:I38) -> 18572.703 | J35: =SUM(K35:N35) -> 37996.181 | K35: =SUM(K36:K38) -> 25554.96 | L35: ='[2]Tổng '!R12 -> 0 | M35: =SUM(M36:M38) -> 517.239 | N35: =SUM(N36:N38) -> 11923.982
B36: Thịnh Đán | C36: 16359 | D36: =E36+F36+I36 -> 9388.71 | E36: ='[2]Thu '!D25 -> 1711.812 | F36: =SUM(G36:H36) -> 5925.902 | G36: ='[2]Thu '!E25 -> 5925.902 | H36: ='[2]Thu '!F25 -> 0 | I36: ='[2]Thu '!G25 -> 1750.996 | J36: =SUM(K36:N36) -> 9388.71 | K36: =[2]TPTN!$Y$16 -> 9202.417 | M36: =[2]TPTN!$Y$31 -> 186.293 | N36: =[2]TPTN!$Y$33 -> 0
B37: Quyết Thắng | C37: 9706 | D37: =E37+F37+I37 -> 21111.517 | E37: ='[2]Thu '!D26 -> 2073.448 | F37: =SUM(G37:H37) -> 2273.991 | G37: ='[2]Thu '!E26 -> 2273.991 | H37: ='[2]Thu '!F26 -> 0 | I37: ='[2]Thu '!G26 -> 16764.078 | J37: =SUM(K37:N37) -> 21111.517 | K37: =[2]TPTN!$Z$16 -> 9005.369 | M37: =[2]TPTN!$Z$31 -> 182.166 | N37: =[2]TPTN!$Z$33 -> 11923.982
B38: Phúc Hà | C38: 806 | D38: =E38+F38+I38 -> 7495.954 | E38: ='[2]Thu '!D27 -> 739.2 | F38: =SUM(G38:H38) -> 6699.125 | G38: ='[2]Thu '!E27 -> 6699.125 | H38: ='[2]Thu '!F27 -> 0 | I38: ='[2]Thu '!G27 -> 57.629 | J38: =SUM(K38:N38) -> 7495.954 | K38: =[2]TPTN!$AA$16 -> 7347.174 | M38: =[2]TPTN!$AA$31 -> 148.78 | N38: =[2]TPTN!$AA$33 -> 0
A39: 6 | B39: Phường Quan Triều | C39: =SUM(C40:C43) -> 20404 | D39: =E39+F39+I39 -> 37681.138 | E39: =SUM(E40:E43) -> 8533.996 | F39: =SUM(G39:H39) -> 25823.682 | G39: =SUM(G40:G43) -> 25823.682 | H39: =SUM(H40:H43) -> 0 | I39: =SUM(I40:I43) -> 3323.46 | J39: =SUM(K39:N39) -> 37681.138 | K39: =SUM(K40:K43) -> 36934.391 | L39: ='[2]Tổng '!R13 -> 0 | M39: =SUM(M40:M43) -> 746.747 | N39: =SUM(N40:N43) -> 0
B40: Tân Long | C40: 3987 | D40: =E40+F40+I40 -> 8491.646 | E40: ='[2]Thu '!D28 -> 1341.252 | F40: =SUM(G40:H40) -> 7129.01 | G40: ='[2]Thu '!E28 -> 7129.01 | H40: ='[2]Thu '!F28 -> 0 | I40: ='[2]Thu '!G28 -> 21.384 | J40: =SUM(K40:N40) -> 8491.646 | K40: =[2]TPTN!$AB$16 -> 8323.098 | M40: =[2]TPTN!$AB$31 -> 168.548
B41: Quan Triều | C41: 4215 | D41: =E41+F41+I41 -> 9033.232 | E41: ='[2]Thu '!D29 -> 1411.6 | F41: =SUM(G41:H41) -> 7621.632 | G41: ='[2]Thu '!E29 -> 7621.632 | H41: ='[2]Thu '!F29 -> 0 | I41: ='[2]Thu '!G29 -> 0 | J41: =SUM(K41:N41) -> 9033.232 | K41: =[2]TPTN!$AC$16 -> 8854.184 | M41: =[2]TPTN!$AC$31 -> 179.048
B42: Quang Vinh | C42: 7939 | D42: =E42+F42+I42 -> 8710.073 | E42: ='[2]Thu '!D30 -> 2488.144 | F42: =SUM(G42:H42) -> 6199.248 | G42: ='[2]Thu '!E30 -> 6199.248 | H42: ='[2]Thu '!F30 -> 0 | I42: ='[2]Thu '!G30 -> 22.681 | J42: =SUM(K42:N42) -> 8710.073 | K42: =[2]TPTN!$AD$16 -> 8537.434 | M42: =[2]TPTN!$AD$31 -> 172.639
B43: Sơn Cẩm | C43: 4263 | D43: =E43+F43+I43 -> 11446.187 | E43: ='[2]Thu '!D31 -> 3293 | F43: =SUM(G43:H43) -> 4873.792 | G43: ='[2]Thu '!E31 -> 4873.792 | H43: ='[2]Thu '!F31 -> 0 | I43: ='[2]Thu '!G31 -> 3279.395 | J43: =SUM(K43:N43) -> 11446.187 | K43: =[2]TPTN!$AE$16 -> 11219.675 | M43: =[2]TPTN!$AE$31 -> 226.512
A44: 7 | B44: Xã Tân Cương | C44: =SUM(C45:C47) -> 7139 | D44: =E44+F44+I44 -> 28975.773 | E44: =SUM(E45:E47) -> 5091.552 | F44: =SUM(G44:H44) -> 20457 | G44: =SUM(G45:G47) -> 20457 | H44: =SUM(H45:H47) -> 0 | I44: =SUM(I45:I47) -> 3427.221 | J44: =SUM(K44:N44) -> 28976.773 | K44: =SUM(K45:K47) -> 28402.636 | L44: ='[2]Tổng '!R14 -> 0 | M44: =SUM(M45:M47) -> 574.137 | N44: ='[2]Tổng '!T14 -> 0
B45: Tân Cương | C45: 2436 | D45: =E45+F45+I45 -> 8980.673 | E45: ='[2]Thu '!D32 -> 1874.68 | F45: =SUM(G45:H45) -> 7058.931 | G45: ='[2]Thu '!E32 -> 7058.931 | H45: ='[2]Thu '!F32 -> 0 | I45: ='[2]Thu '!G32 -> 47.062 | J45: =SUM(K45:N45) -> 8980.673 | K45: =[2]TPTN!$AF$16 -> 8801.782 | M45: =[2]TPTN!$AF$31 -> 178.891
B46: Thịnh Đức | C46: 3203 | D46: =E46+F46+I46 -> 8794.1 | E46: ='[2]Thu '!D33 -> 2813.872 | F46: =SUM(G46:H46) -> 2600.069 | G46: ='[2]Thu '!E33 -> 2600.069 | H46: ='[2]Thu '!F33 -> 0 | I46: ='[2]Thu '!G33 -> 3380.159 | J46: =SUM(K46:N46) -> 8794.1 | K46: =[2]TPTN!$AG$16 -> 8619.854 | M46: =[2]TPTN!$AG$31 -> 174.246
B47: Bình Sơn | C47: 1500 | D47: =E47+F47+I47 -> 11201 | E47: ='[2]Thu '!D129 -> 403 | F47: =SUM(G47:H47) -> 10798 | G47: ='[2]Thu '!E129 -> 10798 | H47: ='[2]Thu '!F129 -> 0 | J47: =SUM(K47:N47) -> 11202 | K47: ='[2]Sông Công'!$M$15 -> 10981 | M47: ='[2]Sông Công'!$M$30 -> 221
A48: 8 | B48: Xã Đại Phúc | C48: =SUM(C49:C53) -> 16778 | D48: =E48+F48+I48 -> 44082.93 | E48: =SUM(E49:E53) -> 10764.008 | F48: =SUM(G48:H48) -> 28749.536 | G48: =SUM(G49:G53) -> 23095.536 | H48: =SUM(H49:H53) -> 5654 | I48: =SUM(I49:I53) -> 4569.386 | J48: =SUM(K48:N48) -> 44082.93 | K48: =SUM(K49:K53) -> 43306.806 | L48: ='[2]Tổng '!R15 -> 0 | M48: =SUM(M49:M53) -> 755.515 | N48: =SUM(N49:N53) -> 20.609
B49: Phúc Xuân | C49: 2781 | D49: =E49+F49+I49 -> 8006.365 | E49: ='[2]Thu '!D34 -> 2473.672 | F49: =SUM(G49:H49) -> 1961.215 | G49: ='[2]Thu '!E34 -> 1961.215 | H49: ='[2]Thu '!F34 -> 0 | I49: ='[2]Thu '!G34 -> 3571.478 | J49: =SUM(K49:N49) -> 8006.365 | K49: =[2]TPTN!$AH$16 -> 7847.513 | M49: =[2]TPTN!$AH$31 -> 158.852
B50: Phúc Trìu | C50: 1615 | D50: =E50+F50+I50 -> 8274.793 | E50: ='[2]Thu '!D35 -> 1429.816 | F50: =SUM(G50:H50) -> 5867.678 | G50: ='[2]Thu '!E35 -> 5867.678 | H50: ='[2]Thu '!F35 -> 0 | I50: ='[2]Thu '!G35 -> 977.299 | J50: =SUM(K50:N50) -> 8274.793 | K50: =[2]TPTN!$AI$16 -> 8110.726 | M50: =[2]TPTN!$AI$31 -> 164.067
B51: Phúc Tân | C51: 122 | D51: =E51+F51+I51 -> 7992.772 | E51: ='[2]Thu '!D82 -> 90.52 | F51: =SUM(G51:H51) -> 7881.643 | G51: ='[2]Thu '!E82 -> 7881.643 | H51: ='[2]Thu '!F82 -> 0 | I51: ='[2]Thu '!$G$82 -> 20.609 | J51: =SUM(K51:N51) -> 7992.772 | K51: ='[2]Phổ Yên'!$D$15 -> 7814.567 | M51: ='[2]Phổ Yên'!$D$30 -> 157.596 | N51: ='[2]Phổ Yên'!$D$32 -> 20.609
B52: Tân Thái | C52: 1560 | D52: =E52+F52+I52 -> 7847 | E52: ='[2]Thu '!D37 -> 634 | F52: =SUM(G52:H52) -> 7213 | G52: ='[2]Thu '!E37 -> 4568 | H52: ='[2]Thu '!F37 -> 2645 | J52: =SUM(K52:N52) -> 7847 | K52: ='[2]Đại Từ'!$D$15 -> 7739 | M52: ='[2]Đại Từ'!$D$30 -> 108
B53: TT Hùng Sơn | C53: 10700 | D53: =E53+F53+I53 -> 11962 | E53: ='[2]Thu '!D38 -> 6136 | F53: =SUM(G53:H53) -> 5826 | G53: ='[2]Thu '!E38 -> 2817 | H53: ='[2]Thu '!F38 -> 3009 | J53: =SUM(K53:N53) -> 11962 | K53: ='[2]Đại Từ'!$E$15 -> 11795 | M53: ='[2]Đại Từ'!$E$30 -> 167
A54: 9 | B54: Xã Đại Từ | C54: =SUM(C55:C58) -> 2082 | D54: =E54+F54+I54 -> 37421 | E54: =SUM(E55:E58) -> 891 | F54: =SUM(G54:H54) -> 36530 | G54: =SUM(G55:G58) -> 22609 | H54: =SUM(H55:H58) -> 13921 | I54: =SUM(I55:I58) -> 0 | J54: =SUM(K54:N54) -> 37421 | K54: =SUM(K55:K58) -> 36914 | L54: ='[2]Tổng '!R16 -> 0 | M54: =SUM(M55:M58) -> 507 | N54: ='[2]Tổng '!T16 -> 0
B55: Bình Thuận | C55: 641 | D55: =E55+F55+I55 -> 9905 | E55: ='[2]Thu '!D39 -> 302 | F55: =SUM(G55:H55) -> 9603 | G55: ='[2]Thu '!E39 -> 5796 | H55: ='[2]Thu '!F39 -> 3807 | J55: =SUM(K55:N55) -> 9905 | K55: ='[2]Đại Từ'!$F$15 -> 9769 | M55: ='[2]Đại Từ'!$F$30 -> 136
B56: Khôi Kỳ | C56: 600 | D56: =E56+F56+I56 -> 9495 | E56: ='[2]Thu '!D40 -> 280 | F56: =SUM(G56:H56) -> 9215 | G56: ='[2]Thu '!E40 -> 5966 | H56: ='[2]Thu '!F40 -> 3249 | J56: =SUM(K56:N56) -> 9495 | K56: ='[2]Đại Từ'!$G$15 -> 9366 | M56: ='[2]Đại Từ'!$G$30 -> 129
B57: Mỹ Yên | C57: 272 | D57: =E57+F57+I57 -> 9942 | E57: ='[2]Thu '!D41 -> 125 | F57: =SUM(G57:H57) -> 9817 | G57: ='[2]Thu '!E41 -> 5991 | H57: ='[2]Thu '!F41 -> 3826 | J57: =SUM(K57:N57) -> 9942 | K57: ='[2]Đại Từ'!$H$15 -> 9809 | M57: ='[2]Đại Từ'!$H$30 -> 133
B58: Lục Ba | C58: 569 | D58: =E58+F58+I58 -> 8079 | E58: ='[2]Thu '!D42 -> 184 | F58: =SUM(G58:H58) -> 7895 | G58: ='[2]Thu '!E42 -> 4856 | H58: ='[2]Thu '!F42 -> 3039 | J58: =SUM(K58:N58) -> 8079 | K58: ='[2]Đại Từ'!$I$15 -> 7970 | M58: ='[2]Đại Từ'!$I$30 -> 109
A59: 10 | B59: Xã Đức Lương | C59: =SUM(C60:C62) -> 545 | D59: =E59+F59+I59 -> 23413 | E59: =SUM(E60:E62) -> 272 | F59: =SUM(G59:H59) -> 23141 | G59: =SUM(G60:G62) -> 14332 | H59: =SUM(H60:H62) -> 8809 | I59: =SUM(I60:I62) -> 0 | J59: =SUM(K59:N59) -> 23413 | K59: =SUM(K60:K62) -> 23093 | L59: ='[2]Tổng '!R17 -> 0 | M59: =SUM(M60:M62) -> 320 | N59: ='[2]Tổng '!T17 -> 0
B60: Minh Tiến | C60: 300 | D60: =E60+F60+I60 -> 7925 | E60: ='[2]Thu '!D43 -> 164 | F60: =SUM(G60:H60) -> 7761 | G60: ='[2]Thu '!E43 -> 4733 | H60: ='[2]Thu '!F43 -> 3028 | J60: =SUM(K60:N60) -> 7925 | K60: ='[2]Đại Từ'!$J$15 -> 7818 | M60: ='[2]Đại Từ'!$J$30 -> 107
B61: Đức Lương | C61: 115 | D61: =E61+F61+I61 -> 7147 | E61: ='[2]Thu '!D44 -> 55 | F61: =SUM(G61:H61) -> 7092 | G61: ='[2]Thu '!E44 -> 4509 | H61: ='[2]Thu '!F44 -> 2583 | J61: =SUM(K61:N61) -> 7147 | K61: ='[2]Đại Từ'!$K$15 -> 7048 | M61: ='[2]Đại Từ'!$K$30 -> 99
B62: Phúc Lương | C62: 130 | D62: =E62+F62+I62 -> 8341 | E62: ='[2]Thu '!D45 -> 53 | F62: =SUM(G62:H62) -> 8288 | G62: ='[2]Thu '!E45 -> 5090 | H62: ='[2]Thu '!F45 -> 3198 | J62: =SUM(K62:N62) -> 8341 | K62: ='[2]Đại Từ'!$L$15 -> 8227 | M62: ='[2]Đại Từ'!$L$30 -> 114
A63: 11 | B63: Xã Phú Thịnh | C63: =SUM(C64:C66) -> 1400 | D63: =E63+F63+I63 -> 27743 | E63: =SUM(E64:E66) -> 737 | F63: =SUM(G63:H63) -> 27006 | G63: =SUM(G64:G66) -> 16481 | H63: =SUM(H64:H66) -> 10525 | I63: =SUM(I64:I66) -> 0 | J63: =SUM(K63:N63) -> 27743 | K63: =SUM(K64:K66) -> 27364 | L63: ='[2]Tổng '!R18 -> 0 | M63: =SUM(M64:M66) -> 379 | N63: ='[2]Tổng '!T18 -> 0
B64: Phú Thịnh | C64: 300 | D64: =E64+F64+I64 -> 7678 | E64: ='[2]Thu '!D46 -> 141 | F64: =SUM(G64:H64) -> 7537 | G64: ='[2]Thu '!E46 -> 4762 | H64: ='[2]Thu '!F46 -> 2775 | J64: =SUM(K64:N64) -> 7678 | K64: ='[2]Đại Từ'!$M$15 -> 7571 | M64: ='[2]Đại Từ'!$M$30 -> 107
B65: Bản Ngoại | C65: 800 | D65: =E65+F65+I65 -> 10455 | E65: ='[2]Thu '!D47 -> 401 | F65: =SUM(G65:H65) -> 10054 | G65: ='[2]Thu '!E47 -> 5631 | H65: ='[2]Thu '!F47 -> 4423 | J65: =SUM(K65:N65) -> 10455 | K65: ='[2]Đại Từ'!$N$15 -> 10316 | M65: ='[2]Đại Từ'!$N$30 -> 139
B66: Phú Cường | C66: 300 | D66: =E66+F66+I66 -> 9610 | E66: ='[2]Thu '!D48 -> 195 | F66: =SUM(G66:H66) -> 9415 | G66: ='[2]Thu '!E48 -> 6088 | H66: ='[2]Thu '!F48 -> 3327 | J66: =SUM(K66:N66) -> 9610 | K66: ='[2]Đại Từ'!$O$15 -> 9477 | M66: ='[2]Đại Từ'!$O$30 -> 133
A67: 12 | B67: Xã La Bằng | C67: =SUM(C68:C70) -> 3185 | D67: =E67+F67+I67 -> 25980 | E67: =SUM(E68:E70) -> 1588 | F67: =SUM(G67:H67) -> 24392 | G67: =SUM(G68:G70) -> 14700 | H67: =SUM(H68:H70) -> 9692 | I67: =SUM(I68:I70) -> 0 | J67: =SUM(K67:N67) -> 25980 | K67: =SUM(K68:K70) -> 25617 | L67: ='[2]Tổng '!R19 -> 0 | M67: =SUM(M68:M70) -> 363 | N67: ='[2]Tổng '!T19 -> 0
B68: La Bằng | C68: 345 | D68: =E68+F68+I68 -> 7439 | E68: ='[2]Thu '!D49 -> 218 | F68: =SUM(G68:H68) -> 7221 | G68: ='[2]Thu '!E49 -> 4530 | H68: ='[2]Thu '!F49 -> 2691 | J68: =SUM(K68:N68) -> 7439 | K68: ='[2]Đại Từ'!$P$15 -> 7334 | M68: ='[2]Đại Từ'!$P$30 -> 105
B69: Hoàng Nông | C69: 460 | D69: =E69+F69+I69 -> 9424 | E69: ='[2]Thu '!D50 -> 250 | F69: =SUM(G69:H69) -> 9174 | G69: ='[2]Thu '!E50 -> 5557 | H69: ='[2]Thu '!F50 -> 3617 | J69: =SUM(K69:N69) -> 9424 | K69: ='[2]Đại Từ'!$Q$15 -> 9293 | M69: ='[2]Đại Từ'!$Q$30 -> 131
B70: Tiên Hội | C70: 2380 | D70: =E70+F70+I70 -> 9117 | E70: ='[2]Thu '!D51 -> 1120 | F70: =SUM(G70:H70) -> 7997 | G70: ='[2]Thu '!E51 -> 4613 | H70: ='[2]Thu '!F51 -> 3384 | J70: =SUM(K70:N70) -> 9117 | K70: ='[2]Đại Từ'!$R$15 -> 8990 | M70: ='[2]Đại Từ'!$R$30 -> 127
A71: 13 | B71: Xã Phú Lạc | C71: =SUM(C72:C74) -> 1540 | D71: =E71+F71+I71 -> 28822 | E71: =SUM(E72:E74) -> 658 | F71: =SUM(G71:H71) -> 28164 | G71: =SUM(G72:G74) -> 17233 | H71: =SUM(H72:H74) -> 10931 | I71: =SUM(I72:I74) -> 0 | J71: =SUM(K71:N71) -> 28822 | K71: =SUM(K72:K74) -> 28425 | L71: ='[2]Tổng '!R20 -> 0 | M71: =SUM(M72:M74) -> 397 | N71: ='[2]Tổng '!T20 -> 0
B72: Phú Lạc | C72: 410 | D72: =E72+F72+I72 -> 9924 | E72: ='[2]Thu '!D52 -> 175 | F72: =SUM(G72:H72) -> 9749 | G72: ='[2]Thu '!E52 -> 6001 | H72: ='[2]Thu '!F52 -> 3748 | J72: =SUM(K72:N72) -> 9924 | K72: ='[2]Đại Từ'!$S$15 -> 9786 | M72: ='[2]Đại Từ'!$S$30 -> 138
B73: Phục Linh | C73: 600 | D73: =E73+F73+I73 -> 9126 | E73: ='[2]Thu '!D53 -> 236 | F73: =SUM(G73:H73) -> 8890 | G73: ='[2]Thu '!E53 -> 5591 | H73: ='[2]Thu '!F53 -> 3299 | J73: =SUM(K73:N73) -> 9126 | K73: ='[2]Đại Từ'!$T$15 -> 9000 | M73: ='[2]Đại Từ'!$T$30 -> 126
B74: Tân Linh | C74: 530 | D74: =E74+F74+I74 -> 9772 | E74: ='[2]Thu '!D54 -> 247 | F74: =SUM(G74:H74) -> 9525 | G74: ='[2]Thu '!E54 -> 5641 | H74: ='[2]Thu '!F54 -> 3884 | J74: =SUM(K74:N74) -> 9772 | K74: ='[2]Đại Từ'!$U$15 -> 9639 | M74: ='[2]Đại Từ'!$U$30 -> 133
A75: 14 | B75: Xã An Khánh | C75: =SUM(C76:C78) -> 2179 | D75: =E75+F75+I75 -> 28472 | E75: =SUM(E76:E78) -> 1056 | F75: =SUM(G75:H75) -> 27416 | G75: =SUM(G76:G78) -> 15790 | H75: =SUM(H76:H78) -> 11626 | I75: =SUM(I76:I78) -> 0 | J75: =SUM(K75:N75) -> 28472 | K75: =SUM(K76:K78) -> 28084 | L75: ='[2]Tổng '!R21 -> 0 | M75: =SUM(M76:M78) -> 388 | N75: ='[2]Tổng '!T21 -> 0
B76: An Khánh | C76: 500 | D76: =E76+F76+I76 -> 9375 | E76: ='[2]Thu '!D55 -> 184 | F76: =SUM(G76:H76) -> 9191 | G76: ='[2]Thu '!E55 -> 5500 | H76: ='[2]Thu '!F55 -> 3691 | J76: =SUM(K76:N76) -> 9375 | K76: ='[2]Đại Từ'!$V$15 -> 9249 | M76: ='[2]Đại Từ'!$V$30 -> 126
B77: Cù Vân | C77: 780 | D77: =E77+F77+I77 -> 9495 | E77: ='[2]Thu '!D56 -> 323 | F77: =SUM(G77:H77) -> 9172 | G77: ='[2]Thu '!E56 -> 5574 | H77: ='[2]Thu '!F56 -> 3598 | J77: =SUM(K77:N77) -> 9495 | K77: ='[2]Đại Từ'!$W$15 -> 9363 | M77: ='[2]Đại Từ'!$W$30 -> 132
B78: Hà Thượng | C78: 899 | D78: =E78+F78+I78 -> 9602 | E78: ='[2]Thu '!D57 -> 549 | F78: =SUM(G78:H78) -> 9053 | G78: ='[2]Thu '!E57 -> 4716 | H78: ='[2]Thu '!F57 -> 4337 | J78: =SUM(K78:N78) -> 9602 | K78: ='[2]Đại Từ'!$X$15 -> 9472 | M78: ='[2]Đại Từ'!$X$30 -> 130
A79: 15 | B79: Xã Quân Chu | C79: =SUM(C80:C81) -> 2431 | D79: =E79+F79+I79 -> 20000 | E79: =SUM(E80:E81) -> 1004 | F79: =SUM(G79:H79) -> 18996 | G79: =SUM(G80:G81) -> 11987 | H79: =SUM(H80:H81) -> 7009 | I79: =SUM(I80:I81) -> 0 | J79: =SUM(K79:N79) -> 20000 | K79: =SUM(K80:K81) -> 19726 | L79: ='[2]Tổng '!R22 -> 0 | M79: =SUM(M80:M81) -> 274 | N79: ='[2]Tổng '!T22 -> 0
B80: Quân Chu | C80: 2031 | D80: =E80+F80+I80 -> 11583 | E80: ='[2]Thu '!D58 -> 858 | F80: =SUM(G80:H80) -> 10725 | G80: ='[2]Thu '!E58 -> 6757 | H80: ='[2]Thu '!F58 -> 3968 | J80: =SUM(K80:N80) -> 11583 | K80: ='[2]Đại Từ'!$Y$15 -> 11427 | M80: ='[2]Đại Từ'!$Y$30 -> 156
B81: Cát Nê | C81: 400 | D81: =E81+F81+I81 -> 8417 | E81: ='[2]Thu '!D59 -> 146 | F81: =SUM(G81:H81) -> 8271 | G81: ='[2]Thu '!E59 -> 5230 | H81: ='[2]Thu '!F59 -> 3041 | J81: =SUM(K81:N81) -> 8417 | K81: ='[2]Đại Từ'!$Z$15 -> 8299 | M81: ='[2]Đại Từ'!$Z$30 -> 118
A82: 16 | B82: Xã Vạn Phú | C82: =SUM(C83:C84) -> 3500 | D82: =E82+F82+I82 -> 23816 | E82: =SUM(E83:E84) -> 1937 | F82: =SUM(G82:H82) -> 21879 | G82: =SUM(G83:G84) -> 15708 | H82: =SUM(H83:H84) -> 6171 | I82: =SUM(I83:I84) -> 0 | J82: =SUM(K82:N82) -> 23817 | K82: =SUM(K83:K84) -> 23495 | L82: ='[2]Tổng '!R23 -> 0 | M82: =SUM(M83:M84) -> 322 | N82: ='[2]Tổng '!T23 -> 0
B83: Vạn Phú | C83: 3150 | D83: =E83+F83+I83 -> 13706 | E83: ='[2]Thu '!D60 -> 1769 | F83: =SUM(G83:H83) -> 11937 | G83: ='[2]Thu '!E60 -> 9508 | H83: ='[2]Thu '!F60 -> 2429 | J83: =SUM(K83:N83) -> 13706 | K83: ='[2]Đại Từ'!$AA$15 -> 13522 | M83: ='[2]Đại Từ'!$AA$30 -> 184
B84: Văn Yên | C84: 350 | D84: =E84+F84+I84 -> 10110 | E84: ='[2]Thu '!D61 -> 168 | F84: =SUM(G84:H84) -> 9942 | G84: ='[2]Thu '!E61 -> 6200 | H84: ='[2]Thu '!F61 -> 3742 | J84: =SUM(K84:N84) -> 10111 | K84: ='[2]Đại Từ'!$AB$15 -> 9973 | M84: ='[2]Đại Từ'!$AB$30 -> 138
A85: 17 | B85: Xã Phú Xuyên | C85: =SUM(C86:C87) -> 2193 | D85: =E85+F85+I85 -> 24119 | E85: =SUM(E86:E87) -> 1250 | F85: =SUM(G85:H85) -> 22869 | G85: =SUM(G86:G87) -> 14072 | H85: =SUM(H86:H87) -> 8797 | I85: =SUM(I86:I87) -> 0 | J85: =SUM(K85:N85) -> 24119 | K85: =SUM(K86:K87) -> 23784 | L85: ='[2]Tổng '!R24 -> 0 | M85: =SUM(M86:M87) -> 335 | N85: ='[2]Tổng '!T24 -> 0
B86: Yên Lãng | C86: 1560 | D86: =E86+F86+I86 -> 12697 | E86: ='[2]Thu '!D62 -> 891 | F86: =SUM(G86:H86) -> 11806 | G86: ='[2]Thu '!E62 -> 7361 | H86: ='[2]Thu '!F62 -> 4445 | J86: =SUM(K86:N86) -> 12697 | K86: ='[2]Đại Từ'!$AC$15 -> 12520 | M86: ='[2]Đại Từ'!$AC$30 -> 177
B87: Phú Xuyên | C87: 633 | D87: =E87+F87+I87 -> 11422 | E87: ='[2]Thu '!D63 -> 359 | F87: =SUM(G87:H87) -> 11063 | G87: ='[2]Thu '!E63 -> 6711 | H87: ='[2]Thu '!F63 -> 4352 | J87: =SUM(K87:N87) -> 11422 | K87: ='[2]Đại Từ'!$AD$15 -> 11264 | M87: ='[2]Đại Từ'!$AD$30 -> 158
A88: 18 | B88: Phường Phổ Yên | C88: =SUM(C89:C92) -> 14140 | D88: =E88+F88+I88 -> 36424.551 | E88: =SUM(E89:E92) -> 3443.76 | F88: =SUM(G88:H88) -> 29221.76 | G88: =SUM(G89:G92) -> 29221.76 | H88: =SUM(H89:H92) -> 0 | I88: =SUM(I89:I92) -> 3759.031 | J88: =SUM(K88:N88) -> 36424.551 | K88: =SUM(K89:K92) -> 31946.938 | L88: ='[2]Tổng '!R25 -> 0 | M88: =SUM(M89:M92) -> 718.582 | N88: =SUM(N89:N92) -> 3759.031
B89: Ba Hàng | C89: 10840 | D89: =E89+F89+I89 -> 9554.281 | E89: ='[2]Thu '!D65 -> 1514 | F89: =SUM(G89:H89) -> 7790.958 | G89: ='[2]Thu '!E65 -> 7790.958 | H89: ='[2]Thu '!F65 -> 0 | I89: ='[2]Thu '!G65 -> 249.323 | J89: =SUM(K89:N89) -> 9554.281 | K89: ='[2]Phổ Yên'!$E$15 -> 9116.641 | M89: ='[2]Phổ Yên'!$E$30 -> 188.317 | N89: ='[2]Phổ Yên'!$E$32 -> 249.323
B90: Hồng Tiến | C90: 2040 | D90: =E90+F90+I90 -> 9721.484 | E90: ='[2]Thu '!D66 -> 1132.8 | F90: =SUM(G90:H90) -> 5726.285 | G90: ='[2]Thu '!E66 -> 5726.285 | H90: ='[2]Thu '!F66 -> 0 | I90: ='[2]Thu '!G66 -> 2862.399 | J90: =SUM(K90:N90) -> 9721.484 | K90: ='[2]Phổ Yên'!$F$15 -> 6667.181 | M90: ='[2]Phổ Yên'!$F$30 -> 191.904 | N90: ='[2]Phổ Yên'!$F$32 -> 2862.399
B91: Bãi Bông | C91: 515 | D91: =E91+F91+I91 -> 7728.649 | E91: ='[2]Thu '!D67 -> 323 | F91: =SUM(G91:H91) -> 7004.04 | G91: ='[2]Thu '!E67 -> 7004.04 | H91: ='[2]Thu '!F67 -> 0 | I91: ='[2]Thu '!G67 -> 401.609 | J91: =SUM(K91:N91) -> 7728.649 | K91: ='[2]Phổ Yên'!$G$15 -> 7174.468 | M91: ='[2]Phổ Yên'!$G$30 -> 152.572 | N91: ='[2]Phổ Yên'!$G$32 -> 401.609
B92: Đắc Sơn | C92: 745 | D92: =E92+F92+I92 -> 9420.137 | E92: ='[2]Thu '!D68 -> 473.96 | F92: =SUM(G92:H92) -> 8700.477 | G92: ='[2]Thu '!E68 -> 8700.477 | H92: ='[2]Thu '!F68 -> 0 | I92: ='[2]Thu '!G68 -> 245.7 | J92: =SUM(K92:N92) -> 9420.137 | K92: ='[2]Phổ Yên'!$H$15 -> 8988.648 | M92: ='[2]Phổ Yên'!$H$30 -> 185.789 | N92: ='[2]Phổ Yên'!$H$32 -> 245.7
A93: 19 | B93: Phường Vạn Xuân | C93: =SUM(C94:C97) -> 7077 | D93: =E93+F93+I93 -> 38904.909 | E93: =SUM(E94:E97) -> 4075.12 | F93: =SUM(G93:H93) -> 31189.966 | G93: =SUM(G94:G97) -> 31189.966 | H93: =SUM(H94:H97) -> 0 | I93: =SUM(I94:I97) -> 3639.823 | J93: =SUM(K93:N93) -> 38904.909 | K93: =SUM(K94:K97) -> 34497.766 | L93: ='[2]Tổng '!R26 -> 0 | M93: =SUM(M94:M97) -> 767.32 | N93: =SUM(N94:N97) -> 3639.823
B94: Nam Tiến | C94: 1685 | D94: =E94+F94+I94 -> 8325.785 | E94: ='[2]Thu '!D69 -> 966.36 | F94: =SUM(G94:H94) -> 7077.877 | G94: ='[2]Thu '!E69 -> 7077.877 | H94: ='[2]Thu '!F69 -> 0 | I94: ='[2]Thu '!$G$69 -> 281.548 | J94: =SUM(K94:N94) -> 8325.785 | K94: ='[2]Phổ Yên'!$I$15 -> 7879.957 | M94: ='[2]Phổ Yên'!$I$30 -> 164.28 | N94: ='[2]Phổ Yên'!$I$32 -> 281.548
B95: Đồng Tiến | C95: 3725 | D95: =E95+F95+I95 -> 9471.075 | E95: ='[2]Thu '!D70 -> 2119 | F95: =SUM(G95:H95) -> 4571.136 | G95: ='[2]Thu '!E70 -> 4571.136 | H95: ='[2]Thu '!F70 -> 0 | I95: ='[2]Thu '!$G$70 -> 2780.939 | J95: =SUM(K95:N95) -> 9471.075 | K95: ='[2]Phổ Yên'!$J$15 -> 6503.193 | M95: ='[2]Phổ Yên'!$J$30 -> 186.943 | N95: ='[2]Phổ Yên'!$J$32 -> 2780.939
B96: Tân Hương | C96: 1255 | D96: =E96+F96+I96 -> 8395.243 | E96: ='[2]Thu '!D71 -> 728.52 | F96: =SUM(G96:H96) -> 7167.889 | G96: ='[2]Thu '!E71 -> 7167.889 | H96: ='[2]Thu '!F71 -> 0 | I96: ='[2]Thu '!$G$71 -> 498.834 | J96: =SUM(K96:N96) -> 8395.243 | K96: ='[2]Phổ Yên'!$K$15 -> 7730.818 | M96: ='[2]Phổ Yên'!$K$30 -> 165.591 | N96: ='[2]Phổ Yên'!$K$32 -> 498.834
B97: Tiên Phong | C97: 412 | D97: =E97+F97+I97 -> 12712.806 | E97: ='[2]Thu '!D72 -> 261.24 | F97: =SUM(G97:H97) -> 12373.064 | G97: ='[2]Thu '!E72 -> 12373.064 | H97: ='[2]Thu '!F72 -> 0 | I97: ='[2]Thu '!$G$72 -> 78.502 | J97: =SUM(K97:N97) -> 12712.806 | K97: ='[2]Phổ Yên'!$L$15 -> 12383.798 | M97: ='[2]Phổ Yên'!$L$30 -> 250.506 | N97: ='[2]Phổ Yên'!$L$32 -> 78.502
A98: 20 | B98: Phường Trung Thành | C98: =SUM(C99:C102) -> 2440 | D98: =E98+F98+I98 -> 34611.074 | E98: =SUM(E99:E102) -> 1487.36 | F98: =SUM(G98:H98) -> 32329.178 | G98: =SUM(G99:G102) -> 32329.178 | H98: =SUM(H99:H102) -> 0 | I98: =SUM(I99:I102) -> 794.536 | J98: =SUM(K98:N98) -> 34612.63 | K98: =SUM(K99:K102) -> 33134.896 | L98: ='[2]Tổng '!R27 -> 0 | M98: =SUM(M99:M102) -> 682.642 | N98: =SUM(N99:N102) -> 795.092 | O98: =SUM(O99:O102) -> 0
B99: Trung Thành | C99: 1010 | D99: =E99+F99+I99 -> 9365.312 | E99: ='[2]Thu '!D73 -> 585.16 | F99: =SUM(G99:H99) -> 8330.041 | G99: ='[2]Thu '!E73 -> 8330.041 | H99: ='[2]Thu '!F73 -> 0 | I99: ='[2]Thu '!G73 -> 450.111 | J99: =SUM(K99:N99) -> 9366.312 | K99: ='[2]Phổ Yên'!$M$15 -> 8731.518 | M99: ='[2]Phổ Yên'!$M$30 -> 184.683 | N99: ='[2]Phổ Yên'!$M$32 -> 450.111
B100: Đông Cao | C100: 474 | D100: =E100+F100+I100 -> 8471.201 | E100: ='[2]Thu '!D74 -> 303.32 | F100: =SUM(G100:H100) -> 8139.602 | G100: ='[2]Thu '!E74 -> 8139.602 | H100: ='[2]Thu '!F74 -> 0 | I100: ='[2]Thu '!G74 -> 28.279 | J100: =SUM(K100:N100) -> 8471.301 | K100: ='[2]Phổ Yên'!$N$15 -> 8275.789 | M100: ='[2]Phổ Yên'!$N$30 -> 167.133 | N100: ='[2]Phổ Yên'!$N$32 -> 28.379
B101: Tân Phú | C101: 429 | D101: =E101+F101+I101 -> 8303.445 | E101: ='[2]Thu '!D75 -> 258.88 | F101: =SUM(G101:H101) -> 7879.565 | G101: ='[2]Thu '!E75 -> 7879.565 | H101: ='[2]Thu '!F75 -> 0 | I101: ='[2]Thu '!G75 -> 165 | J101: =SUM(K101:N101) -> 8303.901 | K101: ='[2]Phổ Yên'!$O$15 -> 7974.697 | M101: ='[2]Phổ Yên'!$O$30 -> 163.748 | N101: ='[2]Phổ Yên'!$O$32 -> 165.456
...

Sheet 34. CHI NS CẤP TỈNH
A1: Biểu mẫu số 34
A2: DỰ TOÁN CHI NGÂN SÁCH CẤP TỈNH THEO LĨNH VỰC NĂM 2025
A4: Đơn vị: Triệu đồng
A5: STT | B5: Nội dung | C5: Thái Nguyên
A6: A | B6: B | C6: 1
B7: TỔNG CHI NSĐP | C7: =C8+C9 -> #REF! | D7: =#REF! -> #REF!
A8: A | B8: CHI BỔ SUNG CHO NGÂN SÁCH CẤP DƯỚI (1) | C8: =#REF!+#REF! -> #REF! | D8: =C7-D7 -> #REF!
A9: B | B9: CHI NGÂN SÁCH CẤP TỈNH (HUYỆN, XÃ) THEO LĨNH VỰC | C9: =C10+C27+C40+C41+C42+C43 -> #REF!
A10: I | B10: Chi đầu tư phát triển (2) | C10: =C11+C26 -> #REF!
A11: 1 | B11: Chi đầu tư cho các dự án | C11: =#REF!+#REF!+#REF!+#REF! -> #REF!
A12: - | B12: Chi giáo dục - đào tạo và dạy nghề
A13: - | B13: Chi khoa học và công nghệ
A14: - | B14: Chi quốc phòng
A15: - | B15: Chi an ninh và trật tự an toàn xã hội
A16: - | B16: Chi y tế, dân số và gia đình
A17: - | B17: Chi văn hóa thông tin
A18: - | B18: Chi phát thanh, truyền hình, thông tấn
A19: - | B19: Chi thể dục thể thao
A20: - | B20: Chi bảo vệ môi trường
A21: - | B21: Chi các hoạt động kinh tế
A22: - | B22: Chi hoạt động của cơ quan quản lý nhà nước, đảng, đoàn thể
A23: - | B23: Chi bảo đảm xã hội
A24: - | B24: Chi đầu tư khác
A25: 2 | B25: Chi đầu tư và hỗ trợ vốn cho các doanh nghiệp cung cấp sản phẩm, dịch vụ công ích do Nhà nước đặt hàng, các tổ chức kinh tế,
A26: 3 | B26: Chi đầu tư phát triển khác | C26: =#REF! -> #REF!
A27: II | B27: Chi thường xuyên | C27: =SUM(C28:C39) -> #REF!
A28: - | B28: Chi sự nghiệp giáo dục đào tạo và dạy nghề | C28: =#REF! -> #REF!
A29: - | B29: Chi sự nghiệp y tế, dân số và gia đình | C29: =#REF! -> #REF!
A30: - | B30: Chi sự nghiệp khoa học và công nghệ | C30: =#REF! -> #REF!
A31: - | B31: Chi sự nghiệp văn hoá thông tin, thể dục thể thao | C31: =#REF! -> #REF!
A32: - | B32: Chi sự nghiệp phát thanh truyền hình | C32: =#REF! -> #REF!
A33: - | B33: Chi đảm bảo xã hội | C33: =#REF! -> #REF!
A34: - | B34: Sự nghiệp kinh tế | C34: =#REF! -> #REF!
A35: - | B35: Chi quản lý hành chính | C35: =#REF! -> #REF!
A36: - | B36: Chi sự nghiệp bảo vệ môi trường | C36: =#REF! -> #REF!
A37: - | B37: Chi quốc phòng an ninh địa phương | C37: =#REF! -> #REF!
A38: - | B38: Chi khác của ngân sách | C38: =#REF! -> #REF!
A39: - | B39: Tiết kiệm 10% 7 tháng cuối năm | C39: =#REF! -> #REF!
... A43: VI | B43: Chi tạo nguồn, điều chỉnh tiền lương | C43: =#REF! -> #REF!
A44: C | B44: CHI CHUYỂN NGUỒN SANG NĂM SAU

Sheet 37.01 ĐP
R1: Biểu mẫu số 37.2 NSĐP
A2: DỰ TOÁN CHI THƯỜNG XUYÊN CỦA NGÂN SÁCH CẤP TỈNH CHO TỪNG CƠ QUAN, TỔ CHỨC THEO LĨNH VỰC NĂM 2025
A3: (Dùng cho ngân sách các cấp chính quyền địa phương)
A4: (Kèm theo Công văn số /STC-HCSN ngày /6/2025 của Sở Tài chính)
R6: Đơn vị: Triệu đồng
A7: STT | B7: =E10+'37.02 TW'!E10 -> 5960899.9 | C7: Tổng số chi ngân sách khối tỉnh | D7: Trừ tiết kiệm 10% chi thường xuyên | E7: Số được chi từ nguồn ngân sách nhà nước | F7: Chi giáo dục - đào tạo và dạy nghề | G7: Chi khoa học và công nghệ | H7: Chi quốc phòng | I7: Chi an ninh và trật tự an toàn xã hội | J7: Chi y tế, dân số và gia đình | K7: Chi văn hóa thông tin | L7: Chi phát thanh, truyền hình, thông tấn | M7: Chi thể dục thể thao | N7: Chi bảo vệ môi trường | O7: Chi các hoạt động kinh tế | P7: Trong đó | R7: Chi hoạt động của cơ quan quản lý nhà nước, đảng, đoàn thể | S7: Chi bảo đảm xã hội | T7: Chi thường xuyên khác | U7: Kinh phí chuyển thanh tra | V7: Nhiệm vụ khác | W7: chuyển về xã Bắc kạn | X7: KP huyện chuyển nv lên tỉnh Bắc Kạn | Y7: TTXTĐT Bắc Kạn chuyển về 3 Sở | Z7: Điều chỉnh kinh phí luân chuyển cán bộ các ngành | AA7: TỔNG | AC7: 2718461
P8: Chi giao thông | Q8: Chi nông nghiệp, lâm nghiệp, thủy lợi, thủy sản | AC8: 2718279 | AD8: Đối ứng | AE8: BSCMT
A9: A | B9: B | E9: 1 | F9: 2 | G9: 3 | H9: 4 | I9: 5 | J9: 6 | K9: 7 | L9: 8 | M9: 9 | N9: 10 | O9: 11 | P9: 12 | Q9: 13 | R9: 14 | S9: 15 | T9: 16 | AI9: =AI11-AI10 -> 3175886
B10: TỔNG SỐ | C10: =C11+C12 -> 5647089.2 | D10: =D11+D12 -> 44502 | E10: =E11+E12 -> 5602587.2 | F10: =F11+F12 -> 1228144 | G10: =G11+G12 -> 63031 | H10: =H11+H12 -> 112788 | I10: =I11+I12 -> 64294 | J10: =J11+J12 -> 1578406 | ... Z10: =Z11+Z12 -> 371 | AC10: =AC11-AC12 -> 0 | AI10: =AB7+AB8 -> 0
B11: tỉnh Thái Nguyên | C11: =C15+C18+C21+C24+C27+C30+C33+C36+C39+C42+C45+C48+C51+C54+C57+C66+C69+C72+C75+C78+C81+C84+C87+C89+C92+C95+C98+C101+C104+C106+C109+C112+C115+C118+C121+C123+C125+C127+C129+C134+C138+C141+C144+C146+C147+C148+C150+C153+C156+C159+C220+C224+C226-C223 -> 4135062 | D11: =D15+D18+D21+D24+D27+D30+D33+D36+D39+D42+D45+D48+D51+D54+D57+D66+D69+D72+D75+D78+D81+D84+D87+D89+D92+D95+D98+D101+D104+D106+D109+D112+D115+D118+D121+D123+D125+D127+D129+D134+D138+D141+D144+D146+D147+D148+D150+D153+D156+D159+D220+D224+D226-D223 -> 18408 | E11: =E15+E18+E21+E24+E27+E30+E33+E36+E39+E42+E45+E48+E51+E54+E57+E66+E69+E72+E75+E78+E81+E84+E87+E89+E92+E95+E98+E101+E104+E106+E109+E112+E115+E118+E121+E123+E125+E127+E129+E134+E138+E141+E144+E146+E147+E148+E150+E153+E156+E159+E220+E224+E226-E223 -> 4116654 | F11: =F15+F18+F21+F24+F27+F30+F33+F36+F39+F42+F45+F48+F51+F54+F57+F66+F69+F72+F75+F78+F81+F84+F87+F89+F92+F95+F98+F101+F104+F106+F109+F112+F115+F118+F121+F123+F125+F127+F129+F134+F138+F141+F144+F146+F147+F148+F150+F153+F156+F159+F220+F224+F226-F223 -> 917398 | G11: =G15+G18+G21+G24+G27+G30+G33+G36+G39+G42+G45+G48+G51+G54+G57+G66+G69+G72+G75+G78+G81+G84+G87+G89+G92+G95+G98+G101+G104+G106+G109+G112+G115+G118+G121+G123+G125+G127+G129+G134+G138+G141+G144+G146+G147+G148+G150+G153+G156+G159+G220+G224+G226-G223 -> 45563 | H11: =H15+H18+H21+H24+H27+H30+H33+H36+H39+H42+H45+H48+H51+H54+H57+H66+H69+H72+H75+H78+H81+H84+H87+H89+H92+H95+H98+H101+H104+H106+H109+H112+H115+H118+H121+H123+H125+H127+H129+H134+H138+H141+H144+H146+H147+H148+H150+H153+H156+H159+H220+H224+H226-H223 -> 87000 | I11: =I15+I18+I21+I24+I27+I30+I33+I36+I39+I42+I45+I48+I51+I54+I57+I66+I69+I72+I75+I78+I81+I84+I87+I89+I92+I95+I98+I101+I104+I106+I109+I112+I115+I118+I121+I123+I125+I127+I129+I134+I138+I141+I144+I146+I147+I148+I150+I153+I156+I159+I220+I224+I226-I223 -> 46950 | J11: =J15+J18+J21+J24+J27+J30+J33+J36+J39+J42+J45+J48+J51+J54+J57+J66+J69+J72+J75+J78+J81+J84+J87+J89+J92+J95+J98+J101+J104+J106+J109+J112+J115+J118+J121+J123+J125+J127+J129+J134+J138+J141+J144+J146+J147+J148+J150+J153+J156+J159+J220+J224+J226-J223 -> 1188814 | ... U11: =U15+U18+U21+U24+U27+U30+U33+U36+U39+U42+U45+U48+U51+U54+U57+U66+U69+U72+U75+U78+U81+U84+U87+U89+U92+U95+U98+U101+U104+U106+U109+U112+U115+U118+U121+U123+U125+U127+U129+U134+U138+U141+U144+U146+U147+U148+U150+U153+U156+U159+U220+U224+U226-U223 -> 0 | V11: =V15+V18+V21+V24+V27+V30+V33+V36+V39+V42+V45+V48+V51+V54+V57+V66+V69+V72+V75+V78+V81+V84+V87+V89+V92+V95+V98+V101+V104+V106+V109+V112+V115+V118+V121+V123+V125+V127+V129+V134+V138+V141+V144+V146+V147+V148+V150+V153+V156+V159+V220+V224+V226 -> 0 | W11: =W15+W18+W21+W24+W27+W30+W33+W36+W39+W42+W45+W48+W51+W54+W57+W66+W69+W72+W75+W78+W81+W84+W87+W89+W92+W95+W98+W101+W104+W106+W109+W112+W115+W118+W121+W123+W125+W127+W129+W134+W138+W141+W144+W146+W147+W148+W150+W153+W156+W159+W220+W224+W226 -> 0 | X11: =X15+X18+X21+X24+X27+X30+X33+X36+X39+X42+X45+X48+X51+X54+X57+X66+X69+X72+X75+X78+X81+X84+X87+X89+X92+X95+X98+X101+X104+X106+X109+X112+X115+X118+X121+X123+X125+X127+X129+X134+X138+X141+X144+X146+X147+X148+X150+X153+X156+X159+X220+X224+X226 -> 0 | Y11: =Y15+Y18+Y21+Y24+Y27+Y30+Y33+Y36+Y39+Y42+Y45+Y48+Y51+Y54+Y57+Y66+Y69+Y72+Y75+Y78+Y81+Y84+Y87+Y89+Y92+Y95+Y98+Y101+Y104+Y106+Y109+Y112+Y115+Y118+Y121+Y123+Y125+Y127+Y129+Y134+Y138+Y141+Y144+Y146+Y147+Y148+Y150+Y153+Y156+Y159+Y220+Y224+Y226 -> 0 | Z11: =Z15+Z18+Z21+Z24+Z27+Z30+Z33+Z36+Z39+Z42+Z45+Z48+Z51+Z54+Z57+Z66+Z69+Z72+Z75+Z78+Z81+Z84+Z87+Z89+Z92+Z95+Z98+Z101+Z104+Z106+Z109+Z112+Z115+Z118+Z121+Z123+Z125+Z127+Z129+Z134+Z138+Z141+Z144+Z146+Z147+Z148+Z150+Z153+Z156+Z159+Z220+Z224+Z226 -> 0 | AA11: =AA15+AA18+AA21+AA24+AA27+AA30+AA33+AA36+AA39+AA42+AA45+AA48+AA51+AA54+AA57+AA66+AA69+AA72+AA75+AA78+AA81+AA84+AA87+AA89+AA92+AA95+AA98+AA101+AA104+AA106+AA109+AA112+AA115+AA118+AA121+AA123+AA125+AA127+AA129+AA134+AA138+AA141+AA144+AA146+AA147+AA148+AA150+AA153+AA156+AA159+AA220+AA224+AA226 -> 0 | AC11: 1253068 | AI11: =SUM(AI15:AI151) -> 3175886
B12: tỉnh Bắc Kạn | C12: =C16+C19+C22+C25+C28+C31+C34+C37+C40+C43+C46+C49+C52+C55+C58+C60+C62+C67+C70+C73+C76+C79+C82+C85+C90+C93+C96+C99+C102+C107+C110+C113+C116+C119+C132+C139+C142+C145+C151+C228+C130+C135+C154+C157+C160+C223+C227 -> 1512027.2 | D12: =D16+D19+D22+D25+D28+D31+D34+D37+D40+D43+D46+D49+D52+D55+D58+D60+D62+D67+D70+D73+D76+D79+D82+D85+D90+D93+D96+D99+D102+D107+D110+D113+D116+D119+D132+D139+D142+D145+D151+D228+D130+D135+D154+D157+D160+D223+D227 -> 26094 | E12: =E16+E19+E22+E25+E28+E31+E34+E37+E40+E43+E46+E49+E52+E55+E58+E60+E62+E67+E70+E73+E76+E79+E82+E85+E90+E93+E96+E99+E102+E107+E110+E113+E116+E119+E132+E139+E142+E145+E151+E228+E130+E135+E154+E157+E160+E223+E227 -> 1485933.2 | F12: =F16+F19+F22+F25+F28+F31+F34+F37+F40+F43+F46+F49+F52+F55+F58+F60+F62+F67+F70+F73+F76+F79+F82+F85+F90+F93+F96+F99+F102+F107+F110+F113+F116+F119+F132+F139+F142+F145+F151+F228+F130+F135+F154+F157+F160+F223+F227 -> 310746 | G12: =G16+G19+G22+G25+G28+G31+G34+G37+G40+G43+G46+G49+G52+G55+G58+G60+G62+G67+G70+G73+G76+G79+G82+G85+G90+G93+G96+G99+G102+G107+G110+G113+G116+G119+G132+G139+G142+G145+G151+G228+G130+G135+G154+G157+G160+G223+G227 -> 17468 | H12: =H16+H19+H22+H25+H28+H31+H34+H37+H40+H43+H46+H49+H52+H55+H58+H60+H62+H67+H70+H73+H76+H79+H82+H85+H90+H93+H96+H99+H102+H107+H110+H113+H116+H119+H132+H139+H142+H145+H151+H228+H130+H135+H154+H157+H160+H223+H227 -> 25788 | I12: =I16+I19+I22+I25+I28+I31+I34+I37+I40+I43+I46+I49+I52+I55+I58+I60+I62+I67+I70+I73+I76+I79+I82+I85+I90+I93+I96+I99+I102+I107+I110+I113+I116+I119+I132+I139+I142+I145+I151+I228+I130+I135+I154+I157+I160+I223+I227 -> 17344 | J12: =J16+J19+J22+J25+J28+J31+J34+J37+J40+J43+J46+J49+J52+J55+J58+J60+J62+J67+J70+J73+J76+J79+J82+J85+J90+J93+J96+J99+J102+J107+J110+J113+J116+J119+J132+J139+J142+J145+J151+J228+J130+J135+J154+J157+J160+J223+J227 -> 389592 | ... AA12: =AA16+AA19+AA22+AA25+AA28+AA31+AA34+AA37+AA40+AA43+AA46+AA49+AA52+AA55+AA58+AA60+AA62+AA67+AA70+AA73+AA76+AA79+AA82+AA85+AA90+AA93+AA96+AA99+AA102+AA107+AA110+AA113+AA116+AA119+AA132+AA139+AA142+AA145+AA151+AA228+AA130+AA135+AA154+AA157+AA160+AA223+AA227 -> -4812 | AC12: =SUM(AC14:AC229) -> 1253068 | AD12: =SUM(AD14:AD229) -> 317.16 | AE12: =SUM(AE14:AE229) -> 83138 | AF12: =SUM(AF14:AF229) -> 1170247.2 | AG12: =SUM(AG14:AG229) -> 562910
A13: I | B13: KHỐI QUẢN LÝ NHÀ NƯỚC | C13: =C14+C17+C20+C23+C26+C29+C32+C35+C38+C41+C44+C47+C50+C53+C56+C59 -> 3637083.2 | D13: =D14+D17+D20+D23+D26+D29+D32+D35+D38+D41+D44+D47+D50+D53+D56+D59 -> 40649 | E13: =E14+E17+E20+E23+E26+E29+E32+E35+E38+E41+E44+E47+E50+E53+E56+E59 -> 3596434.2 | F13: =F14+F17+F20+F23+F26+F29+F32+F35+F38+F41+F44+F47+F50+F53+F56+F59 -> 1034294 | G13: =G14+G17+G20+G23+G26+G29+G32+G35+G38+G41+G44+G47+G50+G53+G56+G59 -> 62839 | H13: =H14+H17+H20+H23+H26+H29+H32+H35+H38+H41+H44+H47+H50+H53+H56+H59 -> 0 | I13: =I14+I17+I20+I23+I26+I29+I32+I35+I38+I41+I44+I47+I50+I53+I56+I59 -> 2885 | J13: =J14+J17+J20+J23+J26+J29+J32+J35+J38+J41+J44+J47+J50+J53+J56+J59 -> 727386 | ... T13: =T14+T17+T20+T23+T26+T29+T32+T35+T38+T41+T44+T47+T50+T53+T56+T59 -> 9823 | AA13: =W13+X13+Y13+Z13 -> 0 | AJ13: =SUM(AI14:AI62) -> 2547647
A14: 1 | B14: Văn phòng Đoàn Đại biểu Quốc hội - Hội đồng nhân dân | C14: =C15+C16 -> 55256 | D14: =D15+D16 -> 453 | E14: =E15+E16 -> 54803 | F14: =F15+F16 -> 0 | G14: =G15+G16 -> 0 | H14: =H15+H16 -> 0 | I14: =I15+I16 -> 0 | J14: =J15+J16 -> 0 | ... T14: =T15+T16 -> 0 | AA14: =W14+X14+Y14+Z14 -> 0 | AJ14: =AI15+AI18+AI24+AI27+AI30+AI33+AI36+AI39+AI42+AI45+AI48+AI57+AI21+AI54 -> 2533627 | AK14: =AJ14+AI51 -> 2547647
B15: tỉnh Thái Nguyên | C15: =D15+E15 -> 40770 | D15: 155 | E15: =F15+G15+H15+I15+J15+K15+L15+M15+N15+O15+R15+S15+T15 -> 40615 | R15: 40615 | AA15: =W15+X15+Y15+Z15 -> 0 | AI15: =E15-U15-V15 -> 40615
B16: tỉnh Bắc Kạn | C16: =D16+E16 -> 14486 | D16: 298 | E16: =F16+G16+H16+I16+J16+K16+L16+M16+N16+O16+R16+S16+T16 -> 14188 | R16: =-1387+383+15192 -> 14188 | W16: -1387 | Z16: 383 | AA16: =W16+X16+Y16+Z16 -> -1004 | AC16: 14188 | AF16: =AC16+AD16-AE16 -> 14188 | AG16: =E16-AF16 -> 0
A17: 2 | B17: Văn phòng Ủy ban nhân dân tỉnh | C17: =C18+C19 -> 128473 | D17: =D18+D19 -> 2386 | E17: =E18+E19 -> 126087 | F17: =F18+F19 -> 0 | G17: =G18+G19 -> 0 | H17: =H18+H19 -> 0 | I17: =I18+I19 -> 0 | J17: =J18+J19 -> 0 | ... T17: =T18+T19 -> 0 | Z17: -578 | AA17: =W17+X17+Y17+Z17 -> -578 | AF17: =AC17+AD17-AE17 -> 0
B18: tỉnh Thái Nguyên | C18: =D18+E18 -> 94201 | D18: 407 | E18: =F18+G18+H18+I18+J18+K18+L18+M18+N18+O18+R18+S18+T18 -> 93794 | K18: 15735 | O18: 3149 | R18: =5179+69731 -> 74910 | AA18: =W18+X18+Y18+Z18 -> 0 | AF18: =AC18+AD18-AE18 -> 0 | AI18: =E18-U18-V18 -> 93794
B19: tỉnh Bắc Kạn | C19: =D19+E19 -> 34272 | D19: 1979 | E19: =F19+G19+H19+I19+J19+K19+L19+M19+N19+O19+R19+S19+T19 -> 32293 | K19: =-343-310+4019 -> 3366 | O19: =-1011-3703+9246 -> 4532 | R19: =26558+142-1727-578 -> 24395 | W19: =-1727-1011 -> -2738 | Y19: =-310-3703 -> -4013 | AA19: =W19+X19+Y19+Z19 -> -6751 | AB19: 142 tr chuyển nhiệm vụ VPTU sang UBND tỉnh | AC19: 32293 | AF19: =AC19+AD19-AE19 -> 32293 | AG19: =E19-AF19 -> 0
A20: 3 | B20: Sở Nông nghiệp và Môi trường | C20: =C21+C22 -> 553429.16 | D20: =D21+D22 -> 4755 | E20: =E21+E22 -> 548674.16 | F20: =F21+F22 -> 0 | G20: =G21+G22 -> 0 | H20: =H21+H22 -> 0 | I20: =I21+I22 -> 0 | J20: =J21+J22 -> 0 | ... T20: =T21+T22 -> 0 | AA20: =W20+X20+Y20+Z20 -> 0 | AF20: =AC20+AD20-AE20 -> 0
B21: tỉnh Thái Nguyên | C21: =D21+E21 -> 368287 | D21: 1916 | E21: =F21+G21+H21+I21+J21+K21+L21+M21+N21+O21+R21+S21+T21 -> 366371 | N21: 40000 | O21: 235525 | R21: =-1214+92060 -> 90846 | U21: -1214 | AA21: =W21+X21+Y21+Z21 -> 0 | AF21: =AC21+AD21-AE21 -> 0 | AI21: =E21-U21-V21 -> 367585
B22: tỉnh Bắc Kạn | C22: =D22+E22 -> 185142.16 | D22: 2839 | E22: =F22+G22+H22+I22+J22+K22+L22+M22+N22+O22+R22+S22+T22 -> 182303.16 | N22: =14404+1862 -> 16266 | O22: =213.16+80553 -> 80766.16 | Q22: 51311 | R22: =-1341+79790-1957+8779 -> 85271 | U22: -1341 | W22: =-593-1364 -> -1957 | X22: 8779 | AA22: =W22+X22+Y22+Z22 -> 6822 | AC22: 167686 | AD22: 213.16 | AF22: =AC22+AD22-AE22 -> 167899.16 | AG22: =E22-AF22 -> 14404
A23: 4 | B23: Sở Tư pháp | C23: =C24+C25 -> 37853 | D23: =D24+D25 -> 706 | E23: =E24+E25 -> 37147 | F23: =F24+F25 -> 162 | G23: =G24+G25 -> 0 | H23: =H24+H25 -> 0 | I23: =I24+I25 -> 0 | J23: =J24+J25 -> 0 | ... T23: =T24+T25 -> 7012 | AA23: =W23+X23+Y23+Z23 -> 0 | AF23: =AC23+AD23-AE23 -> 0
B24: tỉnh Thái Nguyên | C24: =D24+E24 -> 23247 | D24: 220 | E24: =F24+G24+H24+I24+J24+K24+L24+M24+N24+O24+R24+S24+T24 -> 23027 | F24: 162 | O24: 12889 | R24: 9976 | AA24: =W24+X24+Y24+Z24 -> 0 | AF24: =AC24+AD24-AE24 -> 0 | AI24: =E24-U24-V24 -> 23027
B25: tỉnh Bắc Kạn | C25: =D25+E25 -> 14606 | D25: 486 | E25: =F25+G25+H25+I25+J25+K25+L25+M25+N25+O25+R25+S25+T25 -> 14120 | O25: 13 | R25: =-171+7856-590 -> 7095 | T25: 7012 | U25: -171 | W25: =-394-196 -> -590 | AA25: =W25+X25+Y25+Z25 -> -590 | AC25: 14107 | AD25: 13 | AF25: =AC25+AD25-AE25 -> 14120 | AG25: =E25-AF25 -> 0
A26: 5 | B26: Sở Công Thương | C26: =C27+C28 -> 56390 | D26: =D27+D28 -> 378 | E26: =E27+E28 -> 56012 | F26: =F27+F28 -> 0 | G26: =G27+G28 -> 0 | H26: =H27+H28 -> 0 | I26: =I27+I28 -> 0 | J26: =J27+J28 -> 0 | ... T26: =T27+T28 -> 140 | AA26: =W26+X26+Y26+Z26 -> 0 | AF26: =AC26+AD26-AE26 -> 0
B27: tỉnh Thái Nguyên | C27: =D27+E27 -> 46370 | D27: 273 | E27: =F27+G27+H27+I27+J27+K27+L27+M27+N27+O27+R27+S27+T27 -> 46097 | O27: 16497 | R27: =30612-1012 -> 29600 | U27: -1012 | AA27: =W27+X27+Y27+Z27 -> 0 | AF27: =AC27+AD27-AE27 -> 0 | AI27: =E27-U27-V27 -> 47109
B28: tỉnh Bắc Kạn | C28: =D28+E28 -> 10020 | D28: 105 | E28: =F28+G28+H28+I28+J28+K28+L28+M28+N28+O28+R28+S28+T28 -> 9915 | O28: =1463+1 -> 1464 | R28: =-530+9264-423 -> 8311 | T28: 140 | U28: -530 | W28: =-423 -> -423 | Y28: 1463 | AA28: =W28+X28+Y28+Z28 -> 1040 | AB28: 140 chuyển kinh phí từ QLTT sang SCT | AC28: 9914 | AD28: 1 | AF28: =AC28+AD28-AE28 -> 9915 | AG28: =E28-AF28 -> 0
A29: 6 | B29: Sở Khoa học và Công nghệ | C29: =C30+C31 -> 135176 | D29: =D30+D31 -> 707 | E29: =E30+E31 -> 134469 | F29: =F30+F31 -> 1170 | G29: =G30+G31 -> 62839 | H29: =H30+H31 -> 0 | I29: =I30+I31 -> 0 | J29: =J30+J31 -> 0 | ... T29: =T30+T31 -> 0 | AA29: =W29+X29+Y29+Z29 -> 0 | AF29: =AC29+AD29-AE29 -> 0
B30: tỉnh Thái Nguyên | C30: =D30+E30 -> 94993 | D30: 308 | E30: =F30+G30+H30+I30+J30+K30+L30+M30+N30+O30+R30+S30+T30 -> 94685 | F30: 1170 | G30: 45371 | K30: =-15595+49501 -> 33906 | R30: =-709+14947 -> 14238 | U30: -709 | V30: -15595 | AA30: =W30+X30+Y30+Z30 -> 0 | AB30: Giảm nhiệm vụ ứng dụng CNTT | AF30: =AC30+AD30-AE30 -> 0 | AI30: =E30-U30-V30 -> 110989
B31: tỉnh Bắc Kạn | C31: =D31+E31 -> 40183 | D31: 399 | E31: =F31+G31+H31+I31+J31+K31+L31+M31+N31+O31+R31+S31+T31 -> 39784 | G31: =-251+17719 -> 17468 | K31: =1+7538-145 -> 7394 | O31: 3883 | R31: =-445+11803-523+204 -> 11039 | U31: -445 | W31: =-251-145-523 -> -919 | Z31: 204 | AA31: =W31+X31+Y31+Z31 -> -715 | AC31: 39783 | AD31: 1 | AF31: =AC31+AD31-AE31 -> 39784 | AG31: =E31-AF31 -> 0
A32: 7 | B32: Sở Tài chính | C32: =C33+C34 -> 61207 | D32: =D33+D34 -> 1223 | E32: =E33+E34 -> 59984 | F32: =F33+F34 -> 0 | G32: =G33+G34 -> 0 | H32: =H33+H34 -> 0 | I32: =I33+I34 -> 0 | J32: =J33+J34 -> 0 | ... T32: =T33+T34 -> 0 | AA32: =W32+X32+Y32+Z32 -> 0 | AF32: =AC32+AD32-AE32 -> 0
B33: tỉnh Thái Nguyên | C33: =D33+E33 -> 36863 | D33: 414 | E33: =F33+G33+H33+I33+J33+K33+L33+M33+N33+O33+R33+S33+T33 -> 36449 | O33: =-338+5897 -> 5559 | R33: =338-1121+31673 -> 30890 | U33: -1121 | AA33: =W33+X33+Y33+Z33 -> 0 | AF33: =AC33+AD33-AE33 -> 0 | AI33: =E33-U33-V33 -> 37570
B34: tỉnh Bắc Kạn | C34: =D34+E34 -> 24344 | D34: 809 | E34: =F34+G34+H34+I34+J34+K34+L34+M34+N34+O34+R34+S34+T34 -> 23535 | O34: =-990+9371+2076 -> 10457 | R34: =-588+16207-2351-190 -> 13078 | U34: -588 | W34: -2351 | Y34: 2076 | Z34: -190 | AA34: =W34+X34+Y34+Z34 -> -465 | AC34: 24525 | AE34: 990 | AF34: =AC34+AD34-AE34 -> 23535 | AG34: =E34-AF34 -> 0
A35: 8 | B35: Sở Xây dựng | C35: =C36+C37 -> 157848 | D35: =D36+D37 -> 2381 | E35: =E36+E37 -> 155467 | F35: =F36+F37 -> 60 | G35: =G36+G37 -> 0 | H35: =H36+H37 -> 0 | I35: =I36+I37 -> 2885 | J35: =J36+J37 -> 0 | ... T35: =T36+T37 -> 0 | AA35: =W35+X35+Y35+Z35 -> 0 | AF35: =AC35+AD35-AE35 -> 0
B36: tỉnh Thái Nguyên | C36: =D36+E36 -> 104105 | D36: =8+393 -> 401 | E36: =F36+G36+H36+I36+J36+K36+L36+M36+N36+O36+R36+S36+T36 -> 103704 | F36: 60 | O36: =58661+20000 -> 78661 | R36: =-1393+26376 -> 24983 | U36: -1393 | AA36: =W36+X36+Y36+Z36 -> 0 | AF36: =AC36+AD36-AE36 -> 0 | AI36: =E36-U36-V36 -> 105097
B37: tỉnh Bắc Kạn | C37: =D37+E37 -> 53743 | D37: =142+1838 -> 1980 | E37: =F37+G37+H37+I37+J37+K37+L37+M37+N37+O37+R37+S37+T37 -> 51763 | I37: =1993+1009-117 -> 2885 | O37: =-1170-39233+68343+5457 -> 33397 | P37: =-39233+67233 -> 28000 | R37: =-2162+19109-1656+190 -> 15481 | U37: -2162 | W37: =-1656-117 -> -1773 | Z37: 190 | AA37: =W37+X37+Y37+Z37 -> -1583 | AC37: 86709 | AE37: =1170+39233 -> 40403 | AF37: =AC37+AD37-AE37 -> 46306 | AG37: =E37-AF37 -> 5457
A38: 9 | B38: Sở Giáo dục và Đào tạo | C38: =C39+C40 -> 1068507 | D38: =D39+D40 -> 12299 | E38: =E39+E40 -> 1056208 | F38: =F39+F40 -> 1029344 | G38: =G39+G40 -> 0 | H38: =H39+H40 -> 0 | I38: =I39+I40 -> 0 | J38: =J39+J40 -> 0 | ... T38: =T39+T40 -> 0 | AA38: =W38+X38+Y38+Z38 -> 0 | AF38: =AC38+AD38-AE38 -> 0
B39: tỉnh Thái Nguyên | C39: =D39+E39 -> 786350 | D39: 5168 | E39: =F39+G39+H39+I39+J39+K39+L39+M39+N39+O39+R39+S39+T39 -> 781182 | F39: =-17-153-20074+729572+56704 -> 766032 | R39: =17-430+15563 -> 15150 | U39: =-153-430 -> -583 | V39: -20074 | AA39: =W39+X39+Y39+Z39 -> 0 | AB39: chuyển sang Trường CĐ TN | AF39: =AC39+AD39-AE39 -> 0 | AI39: =E39-U39-V39 -> 801839
B40: tỉnh Bắc Kạn | C40: =D40+E40 -> 282157 | D40: 7131 | E40: =F40+G40+H40+I40+J40+K40+L40+M40+N40+O40+R40+S40+T40 -> 275026 | F40: =4+293619+9275-39586 -> 263312 | R40: =-552+12515-249 -> 11714 | U40: -552 | W40: =-249 -> -249 | X40: 9275 | AA40: =W40+X40+Y40+Z40 -> 9026 | AC40: 314608 | AD40: 4 | AE40: 39586 | AF40: =AC40+AD40-AE40 -> 275026 | AG40: =E40-AF40 -> 0
A41: 10 | B41: Sở Y tế | C41: =C42+C43 -> 823903 | D41: =D42+D43 -> 8556 | E41: =E42+E43 -> 815347 | F41: =F42+F43 -> 1679 | G41: =G42+G43 -> 0 | H41: =H42+H43 -> 0 | I41: =I42+I43 -> 0 | J41: =J42+J43 -> 721492 | ... T41: =T42+T43 -> 0 | AA41: =W41+X41+Y41+Z41 -> 0 | AF41: =AC41+AD41-AE41 -> 0
B42: tỉnh Thái Nguyên | C42: =D42+E42 -> 527053 | D42: 4616 | E42: =F42+G42+H42+I42+J42+K42+L42+M42+N42+O42+R42+S42+T42 -> 522437 | J42: =11452+450778 -> 462230 | O42: 915 | R42: =-495+15509 -> 15014 | S42: 44278 | U42: =-'[3]35.NĐ 31. saudieuchinh'!$P$11 -> -495 | V42: 11452 | AA42: =W42+X42+Y42+Z42 -> 0 | AB42: tăng do Nguồn thu dịch vụ sự nghiệp năm 2025 không đảm bảo tỷ lệ tự chủ chi thường xuyên theo phân loại tự chủ tài chính được UBND tỉnh phê duyệt | AF42: =AC42+AD42-AE42 -> 0 | AI42: =E42-U42-V42 -> 511480
B43: tỉnh Bắc Kạn | C43: =D43+E43 -> 296850 | D43: 3940 | E43: =F43+G43+H43+I43+J43+K43+L43+M43+N43+O43+R43+S43+T43 -> 292910 | F43: 1679 | J43: =6+259334-78 -> 259262 | O43: 5604 | R43: =-323+16682-247 -> 16112 | S43: 10253 | U43: -323 | W43: =-247-78 -> -325 | AA43: =W43+X43+Y43+Z43 -> -325 | AC43: 292904 | AD43: 6 | AF43: =AC43+AD43-AE43 -> 292910 | AG43: =E43-AF43 -> 0
A44: 11 | B44: Sở Văn hoá, Thể thao và Du lịch | C44: =C45+C46 -> 313601 | D44: =D45+D46 -> 3433 | E44: =E45+E46 -> 310168 | F44: =F45+F46 -> 0 | G44: =G45+G46 -> 0 | H44: =H45+H46 -> 0 | I44: =I45+I46 -> 0 | J44: =J45+J46 -> 294 | ... T44: =T45+T46 -> 0 | AA44: =W44+X44+Y44+Z44 -> 0 | AF44: =AC44+AD44-AE44 -> 0
B45: tỉnh Thái Nguyên | C45: =D45+E45 -> 259203 | D45: 770 | E45: =F45+G45+H45+I45+J45+K45+L45+M45+N45+O45+R45+S45+T45 -> 258433 | K45: =-2950+127283+3788-1950 -> 126171 | M45: =2950+115832 -> 118782 | R45: =-626+14106 -> 13480 | U45: -626 | V45: 3788 | AA45: =W45+X45+Y45+Z45 -> 0 | AF45: =AC45+AD45-AE45 -> 0 | AI45: =E45-U45-V45 -> 255271
B46: tỉnh Bắc Kạn | C46: =D46+E46 -> 54398 | D46: 2663 | E46: =F46+G46+H46+I46+J46+K46+L46+M46+N46+O46+R46+S46+T46 -> 51735 | J46: 294 | K46: =26980-531+310 -> 26759 | M46: 13934 | O46: =164+1566 -> 1730 | R46: =-461+10538-1059 -> 9018 | U46: -461 | W46: =-1059-531 -> -1590 | Y46: =164+310 -> 474 | AA46: =W46+X46+Y46+Z46 -> -1116 | AC46: 51735 | AF46: =AC46+AD46-AE46 -> 51735 | AG46: =E46-AF46 -> 0
A47: 12 | B47: Sở Nội vụ | C47: =C48+C49 -> 148010 | D47: =D48+D49 -> 2466 | E47: =E48+E49 -> 145544 | F47: =F48+F49 -> 1500 | G47: =G48+G49 -> 0 | H47: =H48+H49 -> 0 | I47: =I48+I49 -> 0 | J47: =J48+J49 -> 5600 | ... T47: =T48+T49 -> 2671 | AA47: =W47+X47+Y47+Z47 -> 0 | AF47: =AC47+AD47-AE47 -> 0
B48: tỉnh Thái Nguyên | C48: =D48+E48 -> 109439 | D48: 1191 | E48: =F48+G48+H48+I48+J48+K48+L48+M48+N48+O48+R48+S48+T48 -> 108248 | F48: 1500 | J48: 5600 | O48: 20462 | R48: =-752+60861 -> 60109 | S48: 20577 | U48: -752 | AA48: =W48+X48+Y48+Z48 -> 0 | AF48: =AC48+AD48-AE48 -> 0 | AI48: =E48-U48-V48 -> 109000
B49: tỉnh Bắc Kạn | C49: =D49+E49 -> 38571 | D49: 1275 | E49: =F49+G49+H49+I49+J49+K49+L49+M49+N49+O49+R49+S49+T49 -> 37296 | O49: =24+2024-197 -> 1851 | R49: =-418+25917-1628 -> 23871 | S49: 8903 | T49: =-61+2732 -> 2671 | U49: -418 | W49: =-1628-197-61 -> -1886 | AA49: =W49+X49+Y49+Z49 -> -1886 | AC49: 37272 | AD49: 24 | AF49: =AC49+AD49-AE49 -> 37296 | AG49: =E49-AF49 -> 0
A50: 13 | B50: Thanh tra tỉnh | C50: =C51+C52 -> 37555 | D50: =D51+D52 -> 287 | E50: =E51+E52 -> 37268 | F50: =F51+F52 -> 0 | G50: =G51+G52 -> 0 | H50: =H51+H52 -> 0 | I50: =I51+I52 -> 0 | J50: =J51+J52 -> 0 | ... T50: =T51+T52 -> 0 | AA50: =W50+X50+Y50+Z50 -> 0 | AF50: =AC50+AD50-AE50 -> 0
B51: tỉnh Thái Nguyên | C51: =D51+E51 -> 22387 | D51: 141 | E51: =F51+G51+H51+I51+J51+K51+L51+M51+N51+O51+R51+S51+T51 -> 22246 | R51: =8226+14020 -> 22246 | U51: =709+7517 -> 8226 | AA51: =W51+X51+Y51+Z51 -> 0 | AF51: =AC51+AD51-AE51 -> 0 | AI51: =E51-U51-V51 -> 14020
B52: tỉnh Bắc Kạn | C52: =D52+E52 -> 15168 | D52: 146 | E52: =F52+G52+H52+I52+J52+K52+L52+M52+N52+O52+R52+S52+T52 -> 15022 | R52: =6991+8573-401-141 -> 15022 | U52: 6991 | W52: =-141 -> -141 | AA52: =W52+X52+Y52+Z52 -> -141 | AC52: 15423 | AE52: 401 | AF52: =AC52+AD52-AE52 -> 15022 | AG52: =E52-AF52 -> 0
A53: 14 | B53: Sở Dân tộc và Tôn giáo | C53: =C54+C55 -> 20490 | D53: =D54+D55 -> 223 | E53: =E54+E55 -> 20267 | F53: =F54+F55 -> 0 | G53: =G54+G55 -> 0 | H53: =H54+H55 -> 0 | I53: =I54+I55 -> 0 | J53: =J54+J55 -> 0 | ... T53: =T54+T55 -> 0 | AA53: =W53+X53+Y53+Z53 -> 0 | AF53: =AC53+AD53-AE53 -> 0
B54: tỉnh Thái Nguyên | C54: =D54+E54 -> 13604 | D54: 66 | E54: =F54+G54+H54+I54+J54+K54+L54+M54+N54+O54+R54+S54+T54 -> 13538 | R54: =-321+13859 -> 13538 | U54: -321 | AA54: =W54+X54+Y54+Z54 -> 0 | AF54: =AC54+AD54-AE54 -> 0 | AI54: =E54-U54-V54 -> 13859
B55: tỉnh Bắc Kạn | C55: =D55+E55 -> 6886 | D55: 157 | E55: =F55+G55+H55+I55+J55+K55+L55+M55+N55+O55+R55+S55+T55 -> 6729 | R55: =-235+6964 -> 6729 | W55: =-235 -> -235 | AA55: =W55+X55+Y55+Z55 -> -235 | AC55: 6729 | AF55: =AC55+AD55-AE55 -> 6729 | AG55: =E55-AF55 -> 0
A56: 15 | B56: Ban Quản lý các khu công nghiệp | C56: =C57+C58 -> 22397 | D56: =D57+D58 -> 239 | E56: =E57+E58 -> 22158 | F56: =F57+F58 -> 379 | G56: =G57+G58 -> 0 | H56: =H57+H58 -> 0 | I56: =I57+I58 -> 0 | J56: =J57+J58 -> 0 | ... T56: =T57+T58 -> 0 | AA56: =W56+X56+Y56+Z56 -> 0 | AF56: =AC56+AD56-AE56 -> 0
B57: tỉnh Thái Nguyên | C57: =D57+E57 -> 16533 | D57: 141 | E57: =F57+G57+H57+I57+J57+K57+L57+M57+N57+O57+R57+S57+T57 -> 16392 | F57: 379 | O57: 6840 | R57: 9173 | AA57: =W57+X57+Y57+Z57 -> 0 | AF57: =AC57+AD57-AE57 -> 0 | AI57: =E57-U57-V57 -> 16392
B58: tỉnh Bắc Kạn | C58: =D58+E58 -> 5864 | D58: 98 | E58: =F58+G58+H58+I58+J58+K58+L58+M58+N58+O58+R58+S58+T58 -> 5766 | O58: 2836 | R58: =-191+3121 -> 2930 | W58: -191 | AA58: =W58+X58+Y58+Z58 -> -191 | AC58: 5766 | AF58: =AC58+AD58-AE58 -> 5766 | AG58: =E58-AF58 -> 0
A59: 16 | B59: BQL Vườn quốc gia Ba Bể | C59: =C60 -> 16988 | D59: =D60 -> 157 | E59: =E60 -> 16831 | F59: =F60 -> 0 | G59: =G60 -> 0 | H59: =H60 -> 0 | I59: =I60 -> 0 | J59: =J60 -> 0 | ... T59: =T60 -> 0 | AA59: =W59+X59+Y59+Z59 -> 0 | AF59: =AC59+AD59-AE59 -> 0
B60: tỉnh Bắc Kạn | C60: =D60+E60 -> 16988 | D60: 157 | E60: =F60+G60+H60+I60+J60+K60+L60+M60+N60+O60+R60+S60+T60 -> 16831 | N60: 11768 | O60: 5063 | AA60: =W60+X60+Y60+Z60 -> 0 | AC60: 16831 | AF60: =AC60+AD60-AE60 -> 16831 | AG60: =E60-AF60 -> 0
A61: 17 | B61: Ban An toàn giao thông | AA61: =W61+X61+Y61+Z61 -> 0 | AF61: =AC61+AD61-AE61 -> 0 | AG61: =E61-AF61 -> 0 | AI61: =E61-U61-V61 -> 0
B62: tỉnh Bắc Kạn | AA62: =W62+X62+Y62+Z62 -> 0 | AF62: =AC62+AD62-AE62 -> 0 | AG62: =E62-AF62 -> 0 | AI62: =E62-U62-V62 -> 0
A63: II | B63: KHỐI HỘI ĐOÀN THỂ | C63: =C64+C80+C83+C88+C91+C94+C97+C100+C103+C105+C108+C111+C114+C117+C120+C122+C124+C126+C128+C131 -> 127235 | D63: =D64+D80+D83+D88+D91+D94+D97+D100+D103+D105+D108+D111+D114+D117+D120+D122+D124+D126+D128+D131 -> 1404 | E63: =E64+E80+E83+E88+E91+E94+E97+E100+E103+E105+E108+E111+E114+E117+E120+E122+E124+E126+E128+E131 -> 125831 | F63: =F64+F80+F83+F88+F91+F94+F97+F100+F103+F105+F108+F111+F114+F117+F120+F122+F124+F126+F128+F131 -> 0 | G63: =G64+G80+G83+G88+G91+G94+G97+G100+G103+G105+G108+G111+G114+G117+G120+G122+G124+G126+G128+G131 -> 192 | H63: =H64+H80+H83+H88+H91+H94+H97+H100+H103+H105+H108+H111+H114+H117+H120+H122+H124+H126+H128+H131 -> 0 | I63: =I64+I80+I83+I88+I91+I94+I97+I100+I103+I105+I108+I111+I114+I117+I120+I122+I124+I126+I128+I131 -> 0 | J63: =J64+J80+J83+J88+J91+J94+J97+J100+J103+J105+J108+J111+J114+J117+J120+J122+J124+J126+J128+J131 -> 0 | ... V63: =V64+V80+V83+V88+V91+V94+V97+V100+V103+V105+V108+V111+V114+V117+V120+V122+V124+V126+V128+V131 -> 0 | AA63: =W63+X63+Y63+Z63 -> 0 | AF63: =AC63+AD63-AE63 -> 0 | AJ63: =SUM(AI64:AI132) -> 78793
A64: 1 | B64: Uỷ ban Mặt trận tổ quốc Việt Nam tỉnh Thái Nguyên | C64: =C65+C68+C71+C74+C77 -> 69284 | D64: =D65+D68+D71+D74+D77 -> 1017 | E64: =E65+E68+E71+E74+E77 -> 68267 | F64: =F65+F68+F71+F74+F77 -> 0 | G64: =G65+G68+G71+G74+G77 -> 192 | H64: =H65+H68+H71+H74+H77 -> 0 | I64: =I65+I68+I71+I74+I77 -> 0 | J64: =J65+J68+J71+J74+J77 -> 0 | ... T64: =T65+T68+T71+T74+T77 -> 0 | AA64: =W64+X64+Y64+Z64 -> 0 | AF64: =AC64+AD64-AE64 -> 0
A65: 1.1 | B65: Mặt trận Tổ quốc | C65: =C66+C67 -> 18351 | D65: =D66+D67 -> 209 | E65: =E66+E67 -> 18142 | F65: =F66+F67 -> 0 | G65: =G66+G67 -> 0 | H65: =H66+H67 -> 0 | I65: =I66+I67 -> 0 | J65: =J66+J67 -> 0 | ... T65: =T66+T67 -> 0 | AA65: =W65+X65+Y65+Z65 -> 0 | AF65: =AC65+AD65-AE65 -> 0
B66: tỉnh Thái Nguyên | C66: =D66+E66 -> 11805 | D66: 88 | E66: =F66+G66+H66+I66+J66+K66+L66+M66+N66+O66+R66+S66+T66 -> 11717 | O66: 700 | R66: 11017 | AA66: =W66+X66+Y66+Z66 -> 0 | AF66: =AC66+AD66-AE66 -> 0 | AI66: =E66-U66-V66 -> 11717
B67: tỉnh Bắc Kạn | C67: =D67+E67 -> 6546 | D67: 121 | E67: =F67+G67+H67+I67+J67+K67+L67+M67+N67+O67+R67+S67+T67 -> 6425 | O67: 3 | R67: =-333-216+6971 -> 6422 | W67: -333 | Z67: -216 | AA67: =W67+X67+Y67+Z67 -> -549 | AC67: 6422 | AD67: 3 | AF67: =AC67+AD67-AE67 -> 6425 | AG67: =E67-AF67 -> 0
A68: 1.2 | B68: Tỉnh Đoàn thanh niên | C68: =C69+C70 -> 13006 | D68: =D69+D70 -> 277 | E68: =E69+E70 -> 12729 | F68: =F69+F70 -> 0 | G68: =G69+G70 -> 192 | H68: =H69+H70 -> 0 | I68: =I69+I70 -> 0 | J68: =J69+J70 -> 0 | ... T68: =T69+T70 -> 0 | AA68: =W68+X68+Y68+Z68 -> 0 | AF68: =AC68+AD68-AE68 -> 0
B69: tỉnh Thái Nguyên | C69: =D69+E69 -> 7361 | D69: 88 | E69: =F69+G69+H69+I69+J69+K69+L69+M69+N69+O69+R69+S69+T69 -> 7273 | G69: 192 | R69: 7081 | AA69: =W69+X69+Y69+Z69 -> 0 | AF69: =AC69+AD69-AE69 -> 0 | AI69: =E69-U69-V69 -> 7273
B70: tỉnh Bắc Kạn | C70: =D70+E70 -> 5645 | D70: 189 | E70: =F70+G70+H70+I70+J70+K70+L70+M70+N70+O70+R70+S70+T70 -> 5456 | O70: 25 | R70: =-1309+6740 -> 5431 | W70: -1309 | AA70: =W70+X70+Y70+Z70 -> -1309 | AC70: 5431 | AD70: 25 | AF70: =AC70+AD70-AE70 -> 5456 | AG70: =E70-AF70 -> 0
A71: 1.3 | B71: Hội Liên hiệp Phụ nữ | C71: =C72+C73 -> 15355 | D71: =D72+D73 -> 219 | E71: =E72+E73 -> 15136 | F71: =F72+F73 -> 0 | G71: =G72+G73 -> 0 | H71: =H72+H73 -> 0 | I71: =I72+I73 -> 0 | J71: =J72+J73 -> 0 | ... T71: =T72+T73 -> 0 | AA71: =W71+X71+Y71+Z71 -> 0 | AF71: =AC71+AD71-AE71 -> 0
B72: tỉnh Thái Nguyên | C72: =D72+E72 -> 9997 | D72: 100 | E72: =F72+G72+H72+I72+J72+K72+L72+M72+N72+O72+R72+S72+T72 -> 9897 | R72: 9897 | AA72: =W72+X72+Y72+Z72 -> 0 | AF72: =AC72+AD72-AE72 -> 0 | AI72: =E72-U72-V72 -> 9897
B73: tỉnh Bắc Kạn | C73: =D73+E73 -> 5358 | D73: 119 | E73: =F73+G73+H73+I73+J73+K73+L73+M73+N73+O73+R73+S73+T73 -> 5239 | O73: 6 | R73: =-250+6818-1335 -> 5233 | W73: -1335 | AA73: =W73+X73+Y73+Z73 -> -1335 | AC73: 5483 | AD73: 6 | AE73: 250 | AF73: =AC73+AD73-AE73 -> 5239 | AG73: =E73-AF73 -> 0
A74: 1.4 | B74: Hội Nông dân | C74: =C75+C76 -> 15970 | D74: =D75+D76 -> 187 | E74: =E75+E76 -> 15783 | F74: =F75+F76 -> 0 | G74: =G75+G76 -> 0 | H74: =H75+H76 -> 0 | I74: =I75+I76 -> 0 | J74: =J75+J76 -> 0 | ... T74: =T75+T76 -> 0 | AA74: =W74+X74+Y74+Z74 -> 0 | AF74: =AC74+AD74-AE74 -> 0
B75: tỉnh Thái Nguyên | C75: =D75+E75 -> 9919 | D75: 82 | E75: =F75+G75+H75+I75+J75+K75+L75+M75+N75+O75+R75+S75+T75 -> 9837 | R75: 9837 | AA75: =W75+X75+Y75+Z75 -> 0 | AF75: =AC75+AD75-AE75 -> 0 | AI75: =E75-U75-V75 -> 9837
B76: tỉnh Bắc Kạn | C76: =D76+E76 -> 6051 | D76: 105 | E76: =F76+G76+H76+I76+J76+K76+L76+M76+N76+O76+R76+S76+T76 -> 5946 | O76: 9 | R76: =-1317+7254 -> 5937 | W76: -1317 | AA76: =W76+X76+Y76+Z76 -> -1317 | AC76: 5937 | AD76: 9 | AF76: =AC76+AD76-AE76 -> 5946 | AG76: =E76-AF76 -> 0
A77: 1.5 | B77: Hội Cựu chiến binh | C77: =C78+C79 -> 6602 | D77: =D78+D79 -> 125 | E77: =E78+E79 -> 6477 | F77: =F78+F79 -> 0 | G77: =G78+G79 -> 0 | H77: =H78+H79 -> 0 | I77: =I78+I79 -> 0 | J77: =J78+J79 -> 0 | ... T77: =T78+T79 -> 0 | AA77: =W77+X77+Y77+Z77 -> 0 | AF77: =AC77+AD77-AE77 -> 0
B78: tỉnh Thái Nguyên | C78: =D78+E78 -> 3116 | D78: 33 | E78: =F78+G78+H78+I78+J78+K78+L78+M78+N78+O78+R78+S78+T78 -> 3083 | R78: 3083 | AA78: =W78+X78+Y78+Z78 -> 0 | AF78: =AC78+AD78-AE78 -> 0 | AI78: =E78-U78-V78 -> 3083
B79: tỉnh Bắc Kạn | C79: =D79+E79 -> 3486 | D79: 92 | E79: =F79+G79+H79+I79+J79+K79+L79+M79+N79+O79+R79+S79+T79 -> 3394 | R79: =-189+3583 -> 3394 | W79: -189 | AA79: =W79+X79+Y79+Z79 -> -189 | AC79: 3394 | AF79: =AC79+AD79-AE79 -> 3394 | AG79: =E79-AF79 -> 0
A80: 2 | B80: Liên minh các hợp tác xã | C80: =C81+C82 -> 18761 | D80: =D81+D82 -> 102 | E80: =E81+E82 -> 18659 | F80: =F81+F82 -> 0 | G80: =G81+G82 -> 0 | H80: =H81+H82 -> 0 | I80: =I81+I82 -> 0 | J80: =J81+J82 -> 0 | ... T80: =T81+T82 -> 10304 | AA80: =W80+X80+Y80+Z80 -> 0 | AF80: =AC80+AD80-AE80 -> 0
B81: tỉnh Thái Nguyên | C81: =D81+E81 -> 10340 | D81: 36 | E81: =F81+G81+H81+I81+J81+K81+L81+M81+N81+O81+R81+S81+T81 -> 10304 | T81: 10304 | AA81: =W81+X81+Y81+Z81 -> 0 | AF81: =AC81+AD81-AE81 -> 0 | AI81: =E81-U81-V81 -> 10304
B82: tỉnh Bắc Kạn | C82: =D82+E82 -> 8421 | D82: 66 | E82: =F82+G82+H82+I82+J82+K82+L82+M82+N82+O82+R82+S82+T82 -> 8355 | O82: =12+6808-920 -> 5900 | R82: =-590+3045 -> 2455 | W82: -590 | AA82: =W82+X82+Y82+Z82 -> -590 | AC82: 9263 | AD82: 12 | AE82: 920 | AF82: =AC82+AD82-AE82 -> 8355 | AG82: =E82-AF82 -> 0
A83: 3 | B83: Liên hiệp các hội KHKT tỉnh | C83: =C84+C85 -> 3372 | D83: =D84+D85 -> 51 | E83: =E84+E85 -> 3321 | F83: =F84+F85 -> 0 | G83: =G84+G85 -> 0 | H83: =H84+H85 -> 0 | I83: =I84+I85 -> 0 | J83: =J84+J85 -> 0 | ... T83: =T84+T85 -> 2400 | AA83: =W83+X83+Y83+Z83 -> 0 | AF83: =AC83+AD83-AE83 -> 0
B84: tỉnh Thái Nguyên | C84: =D84+E84 -> 2408 | D84: 8 | E84: =F84+G84+H84+I84+J84+K84+L84+M84+N84+O84+R84+S84+T84 -> 2400 | T84: 2400 | AA84: =W84+X84+Y84+Z84 -> 0 | AF84: =AC84+AD84-AE84 -> 0 | AI84: =E84-U84-V84 -> 2400
B85: tỉnh Bắc Kạn | C85: =D85+E85 -> 964 | D85: 43 | E85: =F85+G85+H85+I85+J85+K85+L85+M85+N85+O85+R85+S85+T85 -> 921 | R85: 921 | AA85: =W85+X85+Y85+Z85 -> 0 | AC85: 921 | AF85: =AC85+AD85-AE85 -> 921 | AG85: =E85-AF85 -> 0
A86: 8 | B86: Liên hiệp các tổ chức hữu nghị | AA86: =W86+X86+Y86+Z86 -> 0 | AF86: =AC86+AD86-AE86 -> 0 | AG86: =E86-AF86 -> 0 | AI86: =E86-U86-V86 -> 0
B87: tỉnh Thái Nguyên | V87: -185 | AA87: =W87+X87+Y87+Z87 -> 0 | AB87: Giải thể Hội | AF87: =AC87+AD87-AE87 -> 0 | AG87: =E87-AF87 -> 0 | AI87: =E87-U87-V87 -> 185
A88: 4 | B88: Hội Văn học nghệ thuật | C88: =C89+C90 -> 11827 | D88: =D89+D90 -> 102 | E88: =E89+E90 -> 11725 | F88: =F89+F90 -> 0 | G88: =G89+G90 -> 0 | H88: =H89+H90 -> 0 | I88: =I89+I90 -> 0 | J88: =J89+J90 -> 0 | ... T88: =T89+T90 -> 9045 | AA88: =W88+X88+Y88+Z88 -> 0 | AF88: =AC88+AD88-AE88 -> 0
B89: tỉnh Thái Nguyên | C89: =D89+E89 -> 9071 | D89: 26 | E89: =F89+G89+H89+I89+J89+K89+L89+M89+N89+O89+R89+S89+T89 -> 9045 | T89: 9045 | AA89: =W89+X89+Y89+Z89 -> 0 | AF89: =AC89+AD89-AE89 -> 0 | AI89: =E89-U89-V89 -> 9045
B90: tỉnh Bắc Kạn | C90: =D90+E90 -> 2756 | D90: 76 | E90: =F90+G90+H90+I90+J90+K90+L90+M90+N90+O90+R90+S90+T90 -> 2680 | R90: =-428+3108 -> 2680 | AA90: =W90+X90+Y90+Z90 -> 0 | AC90: 3108 | AE90: 428 | AF90: =AC90+AD90-AE90 -> 2680 | AG90: =E90-AF90 -> 0
A91: 5 | B91: Hội Nhà báo | C91: =C92+C93 -> 3786 | D91: =D92+D93 -> 16 | E91: =E92+E93 -> 3770 | F91: =F92+F93 -> 0 | G91: =G92+G93 -> 0 | H91: =H92+H93 -> 0 | I91: =I92+I93 -> 0 | J91: =J92+J93 -> 0 | ... T91: =T92+T93 -> 2533 | AA91: =W91+X91+Y91+Z91 -> 0 | AF91: =AC91+AD91-AE91 -> 0
B92: tỉnh Thái Nguyên | C92: =D92+E92 -> 2549 | D92: 16 | E92: =F92+G92+H92+I92+J92+K92+L92+M92+N92+O92+R92+S92+T92 -> 2533 | T92: 2533 | AA92: =W92+X92+Y92+Z92 -> 0 | AF92: =AC92+AD92-AE92 -> 0 | AI92: =E92-U92-V92 -> 2533
B93: tỉnh Bắc Kạn | C93: =D93+E93 -> 1237 | E93: =F93+G93+H93+I93+J93+K93+L93+M93+N93+O93+R93+S93+T93 -> 1237 | R93: =-160+1397 -> 1237 | AA93: =W93+X93+Y93+Z93 -> 0 | AC93: 1397 | AE93: 160 | AF93: =AC93+AD93-AE93 -> 1237 | AG93: =E93-AF93 -> 0
A94: 6 | B94: Hội Luật gia | C94: =C95+C96 -> 494 | D94: =D95+D96 -> 0 | E94: =E95+E96 -> 494 | F94: =F95+F96 -> 0 | G94: =G95+G96 -> 0 | H94: =H95+H96 -> 0 | I94: =I95+I96 -> 0 | J94: =J95+J96 -> 0 | ... T94: =T95+T96 -> 214 | AA94: =W94+X94+Y94+Z94 -> 0 | AF94: =AC94+AD94-AE94 -> 0
B95: tỉnh Thái Nguyên | C95: =D95+E95 -> 214 | E95: =F95+G95+H95+I95+J95+K95+L95+M95+N95+O95+R95+S95+T95 -> 214 | T95: 214 | AA95: =W95+X95+Y95+Z95 -> 0 | AF95: =AC95+AD95-AE95 -> 0 | AI95: =E95-U95-V95 -> 214
B96: tỉnh Bắc Kạn | C96: =D96+E96 -> 280 | E96: =F96+G96+H96+I96+J96+K96+L96+M96+N96+O96+R96+S96+T96 -> 280 | R96: 280 | AA96: =W96+X96+Y96+Z96 -> 0 | AC96: 280 | AF96: =AC96+AD96-AE96 -> 280 | AG96: =E96-AF96 -> 0
A97: 7 | B97: Hội Chữ thập đỏ | C97: =C98+C99 -> 6080 | D97: =D98+D99 -> 39 | E97: =E98+E99 -> 6041 | F97: =F98+F99 -> 0 | G97: =G98+G99 -> 0 | H97: =H98+H99 -> 0 | I97: =I98+I99 -> 0 | J97: =J98+J99 -> 0 | ... T97: =T98+T99 -> 4471 | AA97: =W97+X97+Y97+Z97 -> 0 | AF97: =AC97+AD97-AE97 -> 0
B98: tỉnh Thái Nguyên | C98: =D98+E98 -> 4500 | D98: 29 | E98: =F98+G98+H98+I98+J98+K98+L98+M98+N98+O98+R98+S98+T98 -> 4471 | T98: 4471 | AA98: =W98+X98+Y98+Z98 -> 0 | AF98: =AC98+AD98-AE98 -> 0 | AI98: =E98-U98-V98 -> 4471
B99: tỉnh Bắc Kạn | C99: =D99+E99 -> 1580 | D99: 10 | E99: =F99+G99+H99+I99+J99+K99+L99+M99+N99+O99+R99+S99+T99 -> 1570 | R99: =-388+1958 -> 1570 | W99: -388 | AA99: =W99+X99+Y99+Z99 -> -388 | AC99: 1570 | AF99: =AC99+AD99-AE99 -> 1570 | AG99: =E99-AF99 -> 0
A100: 8 | B100: Hội Người cao tuổi | C100: =C101+C102 -> 1672 | D100: =D101+D102 -> 0 | E100: =E101+E102 -> 1672 | F100: =F101+F102 -> 0 | G100: =G101+G102 -> 0 | H100: =H101+H102 -> 0 | I100: =I101+I102 -> 0 | J100: =J101+J102 -> 0 | ... T100: =T101+T102 -> 871 | AA100: =W100+X100+Y100+Z100 -> 0 | AF100: =AC100+AD100-AE100 -> 0
B101: tỉnh Thái Nguyên | C101: =D101+E101 -> 871 | E101: =F101+G101+H101+I101+J101+K101+L101+M101+N101+O101+R101+S101+T101 -> 871 | T101: =115+756 -> 871 | V101: 115 | AA101: =W101+X101+Y101+Z101 -> 0 | AB101: Bổ sung thêm 115 triệu theo nhiệm vụ được giao tại QĐ 1080 ngày 11/4/2025 của UBND tỉnh | AF101: =AC101+AD101-AE101 -> 0 | AI101: =E101-U101-V101 -> 756
...

Sheet 37.02 TW
R1: Biểu mẫu số 37.1 NSTW
A2: DỰ TOÁN CHI THƯỜNG XUYÊN CỦA NGÂN SÁCH TRUNG ƯƠNG CHO TỪNG CƠ QUAN, TỔ CHỨC THEO LĨNH VỰC NĂM 2025
A3: (Dùng cho ngân sách các cấp chính quyền địa phương)
A4: (Kèm theo Công văn số /STC-HCSN ngày /7/2025 của Sở Tài chính)
B6: =E10-'[4]35 gửi NS'!G9 -> 205588.77 | E6: =E11-#REF! -> #REF! | R6: Đơn vị: Triệu đồng
A7: STT | B7: Tên đơn vị | C7: Tổng số chi ngân sách khối tỉnh | D7: Trừ tiết kiệm 10% chi thường xuyên | E7: Số được chi từ nguồn ngân sách nhà nước | F7: Chi giáo dục - đào tạo và dạy nghề | G7: Chi khoa học và công nghệ | H7: Chi quốc phòng | I7: Chi an ninh và trật tự an toàn xã hội | J7: Chi y tế, dân số và gia đình | K7: Chi văn hóa thông tin | L7: Chi phát thanh, truyền hình, thông tấn | M7: Chi thể dục thể thao | N7: Chi bảo vệ môi trường | O7: Chi các hoạt động kinh tế | P7: Trong đó | R7: Chi hoạt động của cơ quan quản lý nhà nước, đảng, đoàn thể | S7: Chi bảo đảm xã hội | T7: Chi thường xuyên khác
P8: Chi giao thông | Q8: Chi nông nghiệp, lâm nghiệp, thủy lợi, thủy sản
A9: A | B9: B | E9: 1 | F9: 2 | G9: 3 | H9: 4 | I9: 5 | J9: 6 | K9: 7 | L9: 8 | M9: 9 | N9: 10 | O9: 11 | P9: 12 | Q9: 13 | R9: 14 | S9: 15 | T9: 16
B10: TỔNG SỐ | C10: =C13+C16 -> 0 | D10: =D13+D16 -> 0 | E10: =E13+E16 -> 358312.77 | F10: =F13+F16 -> 39666 | G10: =G13+G16 -> 0 | H10: =H13+H16 -> 12800 | I10: =I13+I16 -> 9300 | J10: =J13+J16 -> 161498 | ... T10: =T13+T16 -> 0
B11: Chương trình mục tiêu xây dựng nông thôn mới | E11: =E14+E17 -> 31409.77 | F11: =F14+F17 -> 80 | G11: =G14+G17 -> 0 | H11: =H14+H17 -> 800 | I11: =I14+I17 -> 1500 | J11: =J14+J17 -> 103 | K11: =K14+K17 -> 994 | L11: =L14+L17 -> 0 | ... T11: =T14+T17 -> 0
B12: Bổ sung có mục tiêu từ NSTW | E12: =E15+E18 -> 326903 | F12: =F15+F18 -> 39586 | G12: =G15+G18 -> 0 | H12: =H15+H18 -> 12000 | I12: =I15+I18 -> 7800 | J12: =J15+J18 -> 161395 | K12: =K15+K18 -> 0 | L12: =L15+L18 -> 0 | ... T12: =T15+T18 -> 0
B13: tỉnh Thái Nguyên | E13: =F13+G13+H13+I13+J13+K13+L13+M13+N13+O13+R13+S13+T13 -> 94015.93 | F13: =F14+F15 -> 0 | G13: =G14+G15 -> 0 | H13: =H14+H15 -> 800 | I13: =I14+I15 -> 7729 | J13: =J14+J15 -> 92 | K13: =K14+K15 -> 950 | L13: =L14+L15 -> 0 | M13: =M14+M15 -> 0 | ... T13: =T14+T15 -> 0
B14: Chương trình mục tiêu xây dựng nông thôn mới | C14: =C19+C22 -> 0 | D14: =D19+D22 -> 0 | E14: =E24+E33+E42+E51+E60+E69+E78+E87+E96+E105+E129+E138+E147+E156+E165+E174+E185+E194+E203+E213+E116+E231+E240+E249+E222 -> 24253.93 | F14: =F24+F33+F42+F51+F60+F69+F78+F87+F96+F105+F129+F138+F147+F156+F165+F174+F185+F194+F203+F213+F116+F231+F240+F249+F222 -> 0 | G14: =G24+G33+G42+G51+G60+G69+G78+G87+G96+G105+G129+G138+G147+G156+G165+G174+G185+G194+G203+G213+G116+G231+G240+G249+G222 -> 0 | H14: =H24+H33+H42+H51+H60+H69+H78+H87+H96+H105+H129+H138+H147+H156+H165+H174+H185+H194+H203+H213+H116+H231+H240+H249+H222 -> 800 | I14: =I24+I33+I42+I51+I60+I69+I78+I87+I96+I105+I129+I138+I147+I156+I165+I174+I185+I194+I203+I213+I116+I231+I240+I249+I222 -> 1500 | J14: =J24+J33+J42+J51+J60+J69+J78+J87+J96+J105+J129+J138+J147+J156+J165+J174+J185+J194+J203+J213+J116+J231+J240+J249+J222 -> 0 | K14: =K24+K33+K42+K51+K60+K69+K78+K87+K96+K105+K129+K138+K147+K156+K165+K174+K185+K194+K203+K213+K116+K231+K240+K249+K222 -> 950 | L14: =L24+L33+L42+L51+L60+L69+L78+L87+L96+L105+L129+L138+L147+L156+L165+L174+L185+L194+L203+L213+L116+L231+L240+L249+L222 -> 0 | ... T14: =T24+T33+T42+T51+T60+T69+T78+T87+T96+T105+T129+T138+T147+T156+T165+T174+T185+T194+T203+T213+T116+T231+T240+T249+T222 -> 0
B15: Bổ sung có mục tiêu từ NSTW | C15: =C20+C23 -> 0 | D15: =D20+D23 -> 0 | E15: =E25+E34+E43+E52+E61+E70+E79+E88+E97+E106+E117+E130+E139+E148+E157+E166+E175+E186+E195+E204+E259 -> 69762 | F15: =F25+F34+F43+F52+F61+F70+F79+F88+F97+F106+F117+F130+F139+F148+F157+F166+F175+F186+F195+F204+F259 -> 0 | G15: =G25+G34+G43+G52+G61+G70+G79+G88+G97+G106+G117+G130+G139+G148+G157+G166+G175+G186+G195+G204+G259 -> 0 | H15: =H25+H34+H43+H52+H61+H70+H79+H88+H97+H106+H117+H130+H139+H148+H157+H166+H175+H186+H195+H204+H259 -> 0 | I15: =I25+I34+I43+I52+I61+I70+I79+I88+I97+I106+I117+I130+I139+I148+I157+I166+I175+I186+I195+I204+I259 -> 6229 | J15: =J25+J34+J43+J52+J61+J70+J79+J88+J97+J106+J117+J130+J139+J148+J157+J166+J175+J186+J195+J204+J259 -> 92 | K15: =K25+K34+K43+K52+K61+K70+K79+K88+K97+K106+K117+K130+K139+K148+K157+K166+K175+K186+K195+K204+K259 -> 0 | L15: =L25+L34+L43+L52+L61+L70+L79+L88+L97+L106+L117+L130+L139+L148+L157+L166+L175+L186+L195+L204+L259 -> 0 | ... T15: =T25+T34+T43+T52+T61+T70+T79+T88+T97+T106+T117+T130+T139+T148+T157+T166+T175+T186+T195+T204+T259 -> 0
B16: tỉnh Bắc Kạn | C16: =C17+C18 -> 0 | D16: =D17+D18 -> 0 | E16: =E17+E18 -> 264296.84 | F16: =F17+F18 -> 39666 | G16: =G17+G18 -> 0 | H16: =H17+H18 -> 12000 | I16: =I17+I18 -> 1571 | J16: =J17+J18 -> 161406 | ... T16: =T17+T18 -> 0
B17: Chương trình mục tiêu xây dựng nông thôn mới | C17: =C27+C36+C45+C54+C63+C72+C81+C90+C99+C108+C132+C141+C150+C159+C168+C177+C188+C197+C206 -> 0 | D17: =D27+D36+D45+D54+D63+D72+D81+D90+D99+D108+D132+D141+D150+D159+D168+D177+D188+D197+D206 -> 0 | E17: =E27+E36+E45+E54+E63+E72+E81+E90+E99+E108+E132+E141+E150+E159+E168+E177+E188+E197+E206+E216+E225+E234 -> 7155.84 | F17: =F27+F36+F45+F54+F63+F72+F81+F90+F99+F108+F132+F141+F150+F159+F168+F177+F188+F197+F206+F216+F225+F234 -> 80 | G17: =G27+G36+G45+G54+G63+G72+G81+G90+G99+G108+G132+G141+G150+G159+G168+G177+G188+G197+G206+G216+G225+G234 -> 0 | H17: =H27+H36+H45+H54+H63+H72+H81+H90+H99+H108+H132+H141+H150+H159+H168+H177+H188+H197+H206+H216+H225+H234 -> 0 | I17: =I27+I36+I45+I54+I63+I72+I81+I90+I99+I108+I132+I141+I150+I159+I168+I177+I188+I197+I206+I216+I225+I234 -> 0 | J17: =J27+J36+J45+J54+J63+J72+J81+J90+J99+J108+J132+J141+J150+J159+J168+J177+J188+J197+J206+J216+J225+J234 -> 103 | K17: =K27+K36+K45+K54+K63+K72+K81+K90+K99+K108+K132+K141+K150+K159+K168+K177+K188+K197+K206+K216+K225+K234 -> 44 | L17: =L27+L36+L45+L54+L63+L72+L81+L90+L99+L108+L132+L141+L150+L159+L168+L177+L188+L197+L206+L216+L225+L234 -> 0 | ... T17: =T27+T36+T45+T54+T63+T72+T81+T90+T99+T108+T132+T141+T150+T159+T168+T177+T188+T197+T206+T216+T225+T234 -> 0
B18: Bổ sung có mục tiêu từ NSTW | C18: =C28+C37+C46+C55+C64+C73+C82+C91+C100+C109+C133+C142+C151+C160+C169+C178+C189+C198+C207+C120 -> 0 | D18: =D28+D37+D46+D55+D64+D73+D82+D91+D100+D109+D133+D142+D151+D160+D169+D178+D189+D198+D207+D120 -> 0 | E18: =E28+E37+E46+E55+E64+E73+E82+E91+E100+E109+E133+E142+E151+E160+E169+E178+E189+E198+E207+E120+E226+E244+E253+E217+E235 -> 257141 | F18: =F28+F37+F46+F55+F64+F73+F82+F91+F100+F109+F133+F142+F151+F160+F169+F178+F189+F198+F207+F120+F226+F244+F253 -> 39586 | G18: =G28+G37+G46+G55+G64+G73+G82+G91+G100+G109+G133+G142+G151+G160+G169+G178+G189+G198+G207+G120+G226+G244+G253 -> 0 | H18: =H28+H37+H46+H55+H64+H73+H82+H91+H100+H109+H133+H142+H151+H160+H169+H178+H189+H198+H207+H120+H226+H244+H253 -> 12000 | I18: =I28+I37+I46+I55+I64+I73+I82+I91+I100+I109+I133+I142+I151+I160+I169+I178+I189+I198+I207+I120+I226+I244+I253 -> 1571 | J18: =J28+J37+J46+J55+J64+J73+J82+J91+J100+J109+J133+J142+J151+J160+J169+J178+J189+J198+J207+J120+J226+J244+J253 -> 161303 | K18: =K28+K37+K46+K55+K64+K73+K82+K91+K100+K109+K133+K142+K151+K160+K169+K178+K189+K198+K207+K120+K226+K244+K253 -> 0 | L18: =L28+L37+L46+L55+L64+L73+L82+L91+L100+L109+L133+L142+L151+L160+L169+L178+L189+L198+L207+L120+L226+L244+L253 -> 0 | M18: =M28+M37+M46+M55+M64+M73+M82+M91+M100+M109+M133+M142+M151+M160+M169+M178+M189+M198+M207+M120+M226+M244+M253 -> 0 | ... T18: =T28+T37+T46+T55+T64+T73+T82+T91+T100+T109+T133+T142+T151+T160+T169+T178+T189+T198+T207+T120+T226+T244+T253 -> 0
A19: I | B19: KHỐI QUẢN LÝ NHÀ NƯỚC | E19: =E20+E29+E38+E47+E56+E65+E74+E83+E92+E101+E112 -> 171665.77 | F19: =F20+F29+F38+F47+F56+F65+F74+F83+F92+F101+F112 -> 39666 | G19: =G20+G29+G38+G47+G56+G65+G74+G83+G92+G101+G112 -> 0 | H19: =H20+H29+H38+H47+H56+H65+H74+H83+H92+H101+H112 -> 0 | I19: =I20+I29+I38+I47+I56+I65+I74+I83+I92+I101+I112 -> 7160 | J19: =J20+J29+J38+J47+J56+J65+J74+J83+J92+J101+J112 -> 103 | K19: =K20+K29+K38+K47+K56+K65+K74+K83+K92+K101+K112 -> 994 | L19: =L20+L29+L38+L47+L56+L65+L74+L83+L92+L101+L112 -> 0 | ... U19: =U20+U29+U38+U47+U56+U65+U74+U83+U92+U101+U112 -> 0
A20: 1 | B20: Sở Nông nghiệp và Môi trường | C20: =C21+C22 -> 0 | D20: =D21+D22 -> 0 | E20: =F20+G20+H20+I20+J20+K20+L20+M20+N20+O20+R20+S20+T20 -> 19575.77 | F20: =F21+F22 -> 0 | G20: =G21+G22 -> 0 | H20: =H21+H22 -> 0 | I20: =I21+I22 -> 0 | J20: =J21+J22 -> 0 | K20: =K21+K22 -> 0 | L20: =L21+L22 -> 0 | M20: =M21+M22 -> 0 | ... T20: =T21+T22 -> 0
B21: Chương trình mục tiêu xây dựng nông thôn mới | C21: =C24+C27 -> 0 | D21: =D24+D27 -> 0 | E21: =F21+G21+H21+I21+J21+K21+L21+M21+N21+O21+R21+S21+T21 -> 19575.77 | F21: =F24+F27 -> 0 | G21: =G24+G27 -> 0 | H21: =H24+H27 -> 0 | I21: =I24+I27 -> 0 | J21: =J24+J27 -> 0 | K21: =K24+K27 -> 0 | L21: =L24+L27 -> 0 | M21: =M24+M27 -> 0 | ... T21: =T24+T27 -> 0
B22: Bổ sung có mục tiêu từ NSTW | C22: =C25+C28 -> 0 | D22: =D25+D28 -> 0 | E22: =F22+G22+H22+I22+J22+K22+L22+M22+N22+O22+R22+S22+T22 -> 0 | F22: =F25+F28 -> 0 | G22: =G25+G28 -> 0 | H22: =H25+H28 -> 0 | I22: =I25+I28 -> 0 | J22: =J25+J28 -> 0 | K22: =K25+K28 -> 0 | L22: =L25+L28 -> 0 | M22: =M25+M28 -> 0 | ... T22: =T25+T28 -> 0
B23: tỉnh Thái Nguyên | C23: =C24+C25 -> 0 | D23: =D24+D25 -> 0 | E23: =F23+G23+H23+I23+J23+K23+L23+M23+N23+O23+R23+S23+T23 -> 15303.93 | F23: =F24+F25 -> 0 | G23: =G24+G25 -> 0 | H23: =H24+H25 -> 0 | I23: =I24+I25 -> 0 | J23: =J24+J25 -> 0 | K23: =K24+K25 -> 0 | L23: =L24+L25 -> 0 | M23: =M24+M25 -> 0 | ... T23: =T24+T25 -> 0
B24: Chương trình mục tiêu xây dựng nông thôn mới | E24: =F24+G24+H24+I24+J24+K24+L24+M24+N24+O24+R24+S24+T24 -> 15303.93 | O24: ='[4]38.1TW'!K24 -> 15303.93
B25: Bổ sung có mục tiêu từ NSTW
B26: tỉnh Bắc Kạn | C26: =C27+C28 -> 0 | D26: =D27+D28 -> 0 | E26: =E27+E28 -> 4271.84 | F26: =F27+F28 -> 0 | G26: =G27+G28 -> 0 | H26: =H27+H28 -> 0 | I26: =I27+I28 -> 0 | J26: =J27+J28 -> 0 | ... T26: =T27+T28 -> 0
B27: Chương trình mục tiêu xây dựng nông thôn mới | E27: =F27+G27+H27+I27+J27+K27+L27+M27+N27+O27+R27+S27+T27 -> 4271.84 | O27: ='[4]38.1TW'!K25 -> 4271.84
B28: Bổ sung có mục tiêu từ NSTW | E28: =F28+G28+H28+I28+J28+K28+L28+M28+N28+O28+R28+S28+T28 -> 0
A29: 2 | B29: Sở Tư pháp | C29: =C30+C31 -> 0 | D29: =D30+D31 -> 0 | E29: =F29+G29+H29+I29+J29+K29+L29+M29+N29+O29+R29+S29+T29 -> 584 | F29: =F30+F31 -> 0 | G29: =G30+G31 -> 0 | H29: =H30+H31 -> 0 | I29: =I30+I31 -> 42 | J29: =J30+J31 -> 0 | K29: =K30+K31 -> 0 | L29: =L30+L31 -> 0 | M29: =M30+M31 -> 0 | ... T29: =T30+T31 -> 0
B30: Chương trình mục tiêu xây dựng nông thôn mới | C30: =C33+C36 -> 0 | D30: =D33+D36 -> 0 | E30: =F30+G30+H30+I30+J30+K30+L30+M30+N30+O30+R30+S30+T30 -> 542 | F30: =F33+F36 -> 0 | G30: =G33+G36 -> 0 | H30: =H33+H36 -> 0 | I30: =I33+I36 -> 0 | J30: =J33+J36 -> 0 | K30: =K33+K36 -> 0 | L30: =L33+L36 -> 0 | M30: =M33+M36 -> 0 | ... T30: =T33+T36 -> 0
B31: Bổ sung có mục tiêu từ NSTW | C31: =C34+C37 -> 0 | D31: =D34+D37 -> 0 | E31: =F31+G31+H31+I31+J31+K31+L31+M31+N31+O31+R31+S31+T31 -> 42 | F31: =F34+F37 -> 0 | G31: =G34+G37 -> 0 | H31: =H34+H37 -> 0 | I31: =I34+I37 -> 42 | J31: =J34+J37 -> 0 | K31: =K34+K37 -> 0 | L31: =L34+L37 -> 0 | M31: =M34+M37 -> 0 | ... T31: =T34+T37 -> 0
B32: tỉnh Thái Nguyên | C32: =C33+C34 -> 0 | D32: =D33+D34 -> 0 | E32: =F32+G32+H32+I32+J32+K32+L32+M32+N32+O32+R32+S32+T32 -> 342 | F32: =F33+F34 -> 0 | G32: =G33+G34 -> 0 | H32: =H33+H34 -> 0 | I32: =I33+I34 -> 42 | J32: =J33+J34 -> 0 | K32: =K33+K34 -> 0 | L32: =L33+L34 -> 0 | M32: =M33+M34 -> 0 | ... T32: =T33+T34 -> 0
B33: Chương trình mục tiêu xây dựng nông thôn mới | E33: =F33+G33+H33+I33+J33+K33+L33+M33+N33+O33+R33+S33+T33 -> 300 | O33: ='[4]38.1TW'!J21 -> 300
B34: Bổ sung có mục tiêu từ NSTW | E34: =F34+G34+H34+I34+J34+K34+L34+M34+N34+O34+R34+S34+T34 -> 42 | I34: 42
B35: tỉnh Bắc Kạn | C35: =C36+C37 -> 0 | D35: =D36+D37 -> 0 | E35: =E36+E37 -> 242 | F35: =F36+F37 -> 0 | G35: =G36+G37 -> 0 | H35: =H36+H37 -> 0 | I35: =I36+I37 -> 0 | J35: =J36+J37 -> 0 | ... T35: =T36+T37 -> 0
B36: Chương trình mục tiêu xây dựng nông thôn mới | E36: =F36+G36+H36+I36+J36+K36+L36+M36+N36+O36+R36+S36+T36 -> 242 | O36: 242
B37: Bổ sung có mục tiêu từ NSTW | E37: =F37+G37+H37+I37+J37+K37+L37+M37+N37+O37+R37+S37+T37 -> 0
A38: 3 | B38: Sở Công Thương | C38: =C39+C40 -> 0 | D38: =D39+D40 -> 0 | E38: =F38+G38+H38+I38+J38+K38+L38+M38+N38+O38+R38+S38+T38 -> 14 | F38: =F39+F40 -> 0 | G38: =G39+G40 -> 0 | H38: =H39+H40 -> 0 | I38: =I39+I40 -> 0 | J38: =J39+J40 -> 0 | K38: =K39+K40 -> 0 | L38: =L39+L40 -> 0 | M38: =M39+M40 -> 0 | ... T38: =T39+T40 -> 0
B39: Chương trình mục tiêu xây dựng nông thôn mới | C39: =C42+C45 -> 0 | D39: =D42+D45 -> 0 | E39: =F39+G39+H39+I39+J39+K39+L39+M39+N39+O39+R39+S39+T39 -> 14 | F39: =F42+F45 -> 0 | G39: =G42+G45 -> 0 | H39: =H42+H45 -> 0 | I39: =I42+I45 -> 0 | J39: =J42+J45 -> 0 | K39: =K42+K45 -> 0 | L39: =L42+L45 -> 0 | M39: =M42+M45 -> 0 | ... T39: =T42+T45 -> 0
B40: Bổ sung có mục tiêu từ NSTW | C40: =C43+C46 -> 0 | D40: =D43+D46 -> 0 | E40: =F40+G40+H40+I40+J40+K40+L40+M40+N40+O40+R40+S40+T40 -> 0 | F40: =F43+F46 -> 0 | G40: =G43+G46 -> 0 | H40: =H43+H46 -> 0 | I40: =I43+I46 -> 0 | J40: =J43+J46 -> 0 | K40: =K43+K46 -> 0 | L40: =L43+L46 -> 0 | M40: =M43+M46 -> 0 | ... T40: =T43+T46 -> 0
B41: tỉnh Thái Nguyên | C41: =C42+C43 -> 0 | D41: =D42+D43 -> 0 | E41: =F41+G41+H41+I41+J41+K41+L41+M41+N41+O41+R41+S41+T41 -> 0 | F41: =F42+F43 -> 0 | G41: =G42+G43 -> 0 | H41: =H42+H43 -> 0 | I41: =I42+I43 -> 0 | J41: =J42+J43 -> 0 | K41: =K42+K43 -> 0 | L41: =L42+L43 -> 0 | M41: =M42+M43 -> 0 | ... T41: =T42+T43 -> 0
B42: Chương trình mục tiêu xây dựng nông thôn mới | E42: =F42+G42+H42+I42+J42+K42+L42+M42+N42+O42+R42+S42+T42 -> 0
B43: Bổ sung có mục tiêu từ NSTW | E43: =F43+G43+H43+I43+J43+K43+L43+M43+N43+O43+R43+S43+T43 -> 0
B44: tỉnh Bắc Kạn | C44: =C45+C46 -> 0 | D44: =D45+D46 -> 0 | E44: =E45+E46 -> 14 | F44: =F45+F46 -> 0 | G44: =G45+G46 -> 0 | H44: =H45+H46 -> 0 | I44: =I45+I46 -> 0 | J44: =J45+J46 -> 0 | ... T44: =T45+T46 -> 0
B45: Chương trình mục tiêu xây dựng nông thôn mới | E45: =F45+G45+H45+I45+J45+K45+L45+M45+N45+O45+R45+S45+T45 -> 14 | O45: 14
B46: Bổ sung có mục tiêu từ NSTW | E46: =F46+G46+H46+I46+J46+K46+L46+M46+N46+O46+R46+S46+T46 -> 0
A47: 4 | B47: Sở Khoa học và Công nghệ | C47: =C48+C49 -> 0 | D47: =D48+D49 -> 0 | E47: =F47+G47+H47+I47+J47+K47+L47+M47+N47+O47+R47+S47+T47 -> 979 | F47: =F48+F49 -> 0 | G47: =G48+G49 -> 0 | H47: =H48+H49 -> 0 | I47: =I48+I49 -> 0 | J47: =J48+J49 -> 0 | K47: =K48+K49 -> 979 | L47: =L48+L49 -> 0 | M47: =M48+M49 -> 0 | ... T47: =T48+T49 -> 0
B48: Chương trình mục tiêu xây dựng nông thôn mới | C48: =C51+C54 -> 0 | D48: =D51+D54 -> 0 | E48: =F48+G48+H48+I48+J48+K48+L48+M48+N48+O48+R48+S48+T48 -> 979 | F48: =F51+F54 -> 0 | G48: =G51+G54 -> 0 | H48: =H51+H54 -> 0 | I48: =I51+I54 -> 0 | J48: =J51+J54 -> 0 | K48: =K51+K54 -> 979 | L48: =L51+L54 -> 0 | M48: =M51+M54 -> 0 | ... T48: =T51+T54 -> 0
B49: Bổ sung có mục tiêu từ NSTW | C49: =C52+C55 -> 0 | D49: =D52+D55 -> 0 | E49: =F49+G49+H49+I49+J49+K49+L49+M49+N49+O49+R49+S49+T49 -> 0 | F49: =F52+F55 -> 0 | G49: =G52+G55 -> 0 | H49: =H52+H55 -> 0 | I49: =I52+I55 -> 0 | J49: =J52+J55 -> 0 | K49: =K52+K55 -> 0 | L49: =L52+L55 -> 0 | M49: =M52+M55 -> 0 | ... T49: =T52+T55 -> 0
B50: tỉnh Thái Nguyên | C50: =C51+C52 -> 0 | D50: =D51+D52 -> 0 | E50: =F50+G50+H50+I50+J50+K50+L50+M50+N50+O50+R50+S50+T50 -> 950 | F50: =F51+F52 -> 0 | G50: =G51+G52 -> 0 | H50: =H51+H52 -> 0 | I50: =I51+I52 -> 0 | J50: =J51+J52 -> 0 | K50: =K51+K52 -> 950 | L50: =L51+L52 -> 0 | M50: =M51+M52 -> 0 | ... T50: =T51+T52 -> 0
B51: Chương trình mục tiêu xây dựng nông thôn mới | E51: =F51+G51+H51+I51+J51+K51+L51+M51+N51+O51+R51+S51+T51 -> 950 | K51: ='[4]38.1TW'!K15 -> 950
B52: Bổ sung có mục tiêu từ NSTW | E52: =F52+G52+H52+I52+J52+K52+L52+M52+N52+O52+R52+S52+T52 -> 0
B53: tỉnh Bắc Kạn | C53: =C54+C55 -> 0 | D53: =D54+D55 -> 0 | E53: =E54+E55 -> 29 | F53: =F54+F55 -> 0 | G53: =G54+G55 -> 0 | H53: =H54+H55 -> 0 | I53: =I54+I55 -> 0 | J53: =J54+J55 -> 0 | ... T53: =T54+T55 -> 0
B54: Chương trình mục tiêu xây dựng nông thôn mới | E54: =F54+G54+H54+I54+J54+K54+L54+M54+N54+O54+R54+S54+T54 -> 29 | K54: 29
B55: Bổ sung có mục tiêu từ NSTW | E55: =F55+G55+H55+I55+J55+K55+L55+M55+N55+O55+R55+S55+T55 -> 0
A56: 5 | B56: Sở Tài chính | C56: =C57+C58 -> 0 | D56: =D57+D58 -> 0 | E56: =F56+G56+H56+I56+J56+K56+L56+M56+N56+O56+R56+S56+T56 -> 1005 | F56: =F57+F58 -> 0 | G56: =G57+G58 -> 0 | H56: =H57+H58 -> 0 | I56: =I57+I58 -> 0 | J56: =J57+J58 -> 0 | K56: =K57+K58 -> 0 | L56: =L57+L58 -> 0 | M56: =M57+M58 -> 0 | ... T56: =T57+T58 -> 0
B57: Chương trình mục tiêu xây dựng nông thôn mới | C57: =C60+C63 -> 0 | D57: =D60+D63 -> 0 | E57: =F57+G57+H57+I57+J57+K57+L57+M57+N57+O57+R57+S57+T57 -> 15 | F57: =F60+F63 -> 0 | G57: =G60+G63 -> 0 | H57: =H60+H63 -> 0 | I57: =I60+I63 -> 0 | J57: =J60+J63 -> 0 | K57: =K60+K63 -> 0 | L57: =L60+L63 -> 0 | M57: =M60+M63 -> 0 | ... T57: =T60+T63 -> 0
B58: Bổ sung có mục tiêu từ NSTW | C58: =C61+C64 -> 0 | D58: =D61+D64 -> 0 | E58: =F58+G58+H58+I58+J58+K58+L58+M58+N58+O58+R58+S58+T58 -> 990 | F58: =F61+F64 -> 0 | G58: =G61+G64 -> 0 | H58: =H61+H64 -> 0 | I58: =I61+I64 -> 0 | J58: =J61+J64 -> 0 | K58: =K61+K64 -> 0 | L58: =L61+L64 -> 0 | M58: =M61+M64 -> 0 | ... T58: =T61+T64 -> 0
B59: tỉnh Thái Nguyên | C59: =C60+C61 -> 0 | D59: =D60+D61 -> 0 | E59: =F59+G59+H59+I59+J59+K59+L59+M59+N59+O59+R59+S59+T59 -> 0 | F59: =F60+F61 -> 0 | G59: =G60+G61 -> 0 | H59: =H60+H61 -> 0 | I59: =I60+I61 -> 0 | J59: =J60+J61 -> 0 | K59: =K60+K61 -> 0 | L59: =L60+L61 -> 0 | M59: =M60+M61 -> 0 | ... T59: =T60+T61 -> 0
B60: Chương trình mục tiêu xây dựng nông thôn mới | E60: =F60+G60+H60+I60+J60+K60+L60+M60+N60+O60+R60+S60+T60 -> 0
B61: Bổ sung có mục tiêu từ NSTW | E61: =F61+G61+H61+I61+J61+K61+L61+M61+N61+O61+R61+S61+T61 -> 0
B62: tỉnh Bắc Kạn | E62: =F62+G62+H62+I62+J62+K62+L62+M62+N62+O62+R62+S62+T62 -> 0
B63: Chương trình mục tiêu xây dựng nông thôn mới | E63: =F63+G63+H63+I63+J63+K63+L63+M63+N63+O63+R63+S63+T63 -> 15 | O63: 15
B64: Bổ sung có mục tiêu từ NSTW | E64: =F64+G64+H64+I64+J64+K64+L64+M64+N64+O64+R64+S64+T64 -> 990 | O64: 990
A65: 6 | B65: Sở Xây dựng | C65: =C66+C67 -> 0 | D65: =D66+D67 -> 0 | E65: =F65+G65+H65+I65+J65+K65+L65+M65+N65+O65+R65+S65+T65 -> 108637 | F65: =F66+F67 -> 0 | G65: =G66+G67 -> 0 | H65: =H66+H67 -> 0 | I65: =I66+I67 -> 6717 | J65: =J66+J67 -> 0 | K65: =K66+K67 -> 0 | L65: =L66+L67 -> 0 | M65: =M66+M67 -> 0 | ... T65: =T66+T67 -> 0
B66: Chương trình mục tiêu xây dựng nông thôn mới | C66: =C69+C72 -> 0 | D66: =D69+D72 -> 0 | E66: =F66+G66+H66+I66+J66+K66+L66+M66+N66+O66+R66+S66+T66 -> 30 | F66: =F69+F72 -> 0 | G66: =G69+G72 -> 0 | H66: =H69+H72 -> 0 | I66: =I69+I72 -> 0 | J66: =J69+J72 -> 0 | K66: =K69+K72 -> 0 | L66: =L69+L72 -> 0 | M66: =M69+M72 -> 0 | ... T66: =T69+T72 -> 0
B67: Bổ sung có mục tiêu từ NSTW | C67: =C70+C73 -> 0 | D67: =D70+D73 -> 0 | E67: =F67+G67+H67+I67+J67+K67+L67+M67+N67+O67+R67+S67+T67 -> 108607 | F67: =F70+F73 -> 0 | G67: =G70+G73 -> 0 | H67: =H70+H73 -> 0 | I67: =I70+I73 -> 6717 | J67: =J70+J73 -> 0 | K67: =K70+K73 -> 0 | L67: =L70+L73 -> 0 | M67: =M70+M73 -> 0 | ... T67: =T70+T73 -> 0
B68: tỉnh Thái Nguyên | C68: =C69+C70 -> 0 | D68: =D69+D70 -> 0 | E68: =F68+G68+H68+I68+J68+K68+L68+M68+N68+O68+R68+S68+T68 -> 68204 | F68: =F69+F70 -> 0 | G68: =G69+G70 -> 0 | H68: =H69+H70 -> 0 | I68: =I69+I70 -> 5547 | J68: =J69+J70 -> 0 | K68: =K69+K70 -> 0 | L68: =L69+L70 -> 0 | M68: =M69+M70 -> 0 | ... T68: =T69+T70 -> 0
B69: Chương trình mục tiêu xây dựng nông thôn mới | E69: =F69+G69+H69+I69+J69+K69+L69+M69+N69+O69+R69+S69+T69 -> 0
B70: Bổ sung có mục tiêu từ NSTW | E70: =F70+G70+H70+I70+J70+K70+L70+M70+N70+O70+R70+S70+T70 -> 68204 | I70: =4266+1281 -> 5547 | O70: =62657 -> 62657
B71: tỉnh Bắc Kạn | C71: =C72+C73 -> 0 | D71: =D72+D73 -> 0 | E71: =E72+E73 -> 40433 | F71: =F72+F73 -> 0 | G71: =G72+G73 -> 0 | H71: =H72+H73 -> 0 | I71: =I72+I73 -> 1170 | J71: =J72+J73 -> 0 | ... T71: =T72+T73 -> 0
B72: Chương trình mục tiêu xây dựng nông thôn mới | E72: =F72+G72+H72+I72+J72+K72+L72+M72+N72+O72+R72+S72+T72 -> 30 | O72: 30
B73: Bổ sung có mục tiêu từ NSTW | E73: =F73+G73+H73+I73+J73+K73+L73+M73+N73+O73+R73+S73+T73 -> 40403 | I73: 1170 | O73: =39233 -> 39233
A74: 7 | B74: Sở Giáo dục và Đào tạo | C74: =C75+C76 -> 0 | D74: =D75+D76 -> 0 | E74: =F74+G74+H74+I74+J74+K74+L74+M74+N74+O74+R74+S74+T74 -> 39666 | F74: =F75+F76 -> 39666 | G74: =G75+G76 -> 0 | H74: =H75+H76 -> 0 | I74: =I75+I76 -> 0 | J74: =J75+J76 -> 0 | K74: =K75+K76 -> 0 | L74: =L75+L76 -> 0 | M74: =M75+M76 -> 0 | ... T74: =T75+T76 -> 0
B75: Chương trình mục tiêu xây dựng nông thôn mới | C75: =C78+C81 -> 0 | D75: =D78+D81 -> 0 | E75: =F75+G75+H75+I75+J75+K75+L75+M75+N75+O75+R75+S75+T75 -> 80 | F75: =F78+F81 -> 80 | G75: =G78+G81 -> 0 | H75: =H78+H81 -> 0 | I75: =I78+I81 -> 0 | J75: =J78+J81 -> 0 | K75: =K78+K81 -> 0 | L75: =L78+L81 -> 0 | M75: =M78+M81 -> 0 | ... T75: =T78+T81 -> 0
B76: Bổ sung có mục tiêu từ NSTW | C76: =C79+C82 -> 0 | D76: =D79+D82 -> 0 | E76: =F76+G76+H76+I76+J76+K76+L76+M76+N76+O76+R76+S76+T76 -> 39586 | F76: =F79+F82 -> 39586 | G76: =G79+G82 -> 0 | H76: =H79+H82 -> 0 | I76: =I79+I82 -> 0 | J76: =J79+J82 -> 0 | K76: =K79+K82 -> 0 | L76: =L79+L82 -> 0 | M76: =M79+M82 -> 0 | ... T76: =T79+T82 -> 0
B77: tỉnh Thái Nguyên | C77: =C78+C79 -> 0 | D77: =D78+D79 -> 0 | E77: =F77+G77+H77+I77+J77+K77+L77+M77+N77+O77+R77+S77+T77 -> 0 | F77: =F78+F79 -> 0 | G77: =G78+G79 -> 0 | H77: =H78+H79 -> 0 | I77: =I78+I79 -> 0 | J77: =J78+J79 -> 0 | K77: =K78+K79 -> 0 | L77: =L78+L79 -> 0 | M77: =M78+M79 -> 0 | ... T77: =T78+T79 -> 0
B78: Chương trình mục tiêu xây dựng nông thôn mới | E78: =F78+G78+H78+I78+J78+K78+L78+M78+N78+O78+R78+S78+T78 -> 0
B79: Bổ sung có mục tiêu từ NSTW | E79: =F79+G79+H79+I79+J79+K79+L79+M79+N79+O79+R79+S79+T79 -> 0
B80: tỉnh Bắc Kạn | C80: =C81+C82 -> 0 | D80: =D81+D82 -> 0 | E80: =E81+E82 -> 39666 | F80: =F81+F82 -> 39666 | G80: =G81+G82 -> 0 | H80: =H81+H82 -> 0 | I80: =I81+I82 -> 0 | J80: =J81+J82 -> 0 | ... T80: =T81+T82 -> 0
B81: Chương trình mục tiêu xây dựng nông thôn mới | E81: =F81+G81+H81+I81+J81+K81+L81+M81+N81+O81+R81+S81+T81 -> 80 | F81: 80
B82: Bổ sung có mục tiêu từ NSTW | E82: =F82+G82+H82+I82+J82+K82+L82+M82+N82+O82+R82+S82+T82 -> 39586 | F82: 39586
A83: 8 | B83: Sở Y tế | C83: =C84+C85 -> 0 | D83: =D84+D85 -> 0 | E83: =F83+G83+H83+I83+J83+K83+L83+M83+N83+O83+R83+S83+T83 -> 103 | F83: =F84+F85 -> 0 | G83: =G84+G85 -> 0 | H83: =H84+H85 -> 0 | I83: =I84+I85 -> 0 | J83: =J84+J85 -> 103 | K83: =K84+K85 -> 0 | L83: =L84+L85 -> 0 | M83: =M84+M85 -> 0 | ... T83: =T84+T85 -> 0
B84: Chương trình mục tiêu xây dựng nông thôn mới | C84: =C87+C90 -> 0 | D84: =D87+D90 -> 0 | E84: =F84+G84+H84+I84+J84+K84+L84+M84+N84+O84+R84+S84+T84 -> 103 | F84: =F87+F90 -> 0 | G84: =G87+G90 -> 0 | H84: =H87+H90 -> 0 | I84: =I87+I90 -> 0 | J84: =J87+J90 -> 103 | K84: =K87+K90 -> 0 | L84: =L87+L90 -> 0 | M84: =M87+M90 -> 0 | ... T84: =T87+T90 -> 0
B85: Bổ sung có mục tiêu từ NSTW | C85: =C88+C91 -> 0 | D85: =D88+D91 -> 0 | E85: =F85+G85+H85+I85+J85+K85+L85+M85+N85+O85+R85+S85+T85 -> 0 | F85: =F88+F91 -> 0 | G85: =G88+G91 -> 0 | H85: =H88+H91 -> 0 | I85: =I88+I91 -> 0 | J85: =J88+J91 -> 0 | K85: =K88+K91 -> 0 | L85: =L88+L91 -> 0 | M85: =M88+M91 -> 0 | ... T85: =T88+T91 -> 0
B86: tỉnh Thái Nguyên | C86: =C87+C88 -> 0 | D86: =D87+D88 -> 0 | E86: =F86+G86+H86+I86+J86+K86+L86+M86+N86+O86+R86+S86+T86 -> 0 | F86: =F87+F88 -> 0 | G86: =G87+G88 -> 0 | H86: =H87+H88 -> 0 | I86: =I87+I88 -> 0 | J86: =J87+J88 -> 0 | K86: =K87+K88 -> 0 | L86: =L87+L88 -> 0 | M86: =M87+M88 -> 0 | ... T86: =T87+T88 -> 0
B87: Chương trình mục tiêu xây dựng nông thôn mới | E87: =F87+G87+H87+I87+J87+K87+L87+M87+N87+O87+R87+S87+T87 -> 0
B88: Bổ sung có mục tiêu từ NSTW | E88: =F88+G88+H88+I88+J88+K88+L88+M88+N88+O88+R88+S88+T88 -> 0
B89: tỉnh Bắc Kạn | C89: =C90+C91 -> 0 | D89: =D90+D91 -> 0 | E89: =E90+E91 -> 103 | F89: =F90+F91 -> 0 | G89: =G90+G91 -> 0 | H89: =H90+H91 -> 0 | I89: =I90+I91 -> 0 | J89: =J90+J91 -> 103 | ... T89: =T90+T91 -> 0
B90: Chương trình mục tiêu xây dựng nông thôn mới | E90: =F90+G90+H90+I90+J90+K90+L90+M90+N90+O90+R90+S90+T90 -> 103 | J90: 103
B91: Bổ sung có mục tiêu từ NSTW | E91: =F91+G91+H91+I91+J91+K91+L91+M91+N91+O91+R91+S91+T91 -> 0
A92: 9 | B92: Sở Văn hoá, Thể thao và Du lịch | C92: =C93+C94 -> 0 | D92: =D93+D94 -> 0 | E92: =F92+G92+H92+I92+J92+K92+L92+M92+N92+O92+R92+S92+T92 -> 15 | F92: =F93+F94 -> 0 | G92: =G93+G94 -> 0 | H92: =H93+H94 -> 0 | I92: =I93+I94 -> 0 | J92: =J93+J94 -> 0 | K92: =K93+K94 -> 15 | L92: =L93+L94 -> 0 | M92: =M93+M94 -> 0 | ... T92: =T93+T94 -> 0
B93: Chương trình mục tiêu xây dựng nông thôn mới | C93: =C96+C99 -> 0 | D93: =D96+D99 -> 0 | E93: =F93+G93+H93+I93+J93+K93+L93+M93+N93+O93+R93+S93+T93 -> 15 | F93: =F96+F99 -> 0 | G93: =G96+G99 -> 0 | H93: =H96+H99 -> 0 | I93: =I96+I99 -> 0 | J93: =J96+J99 -> 0 | K93: =K96+K99 -> 15 | L93: =L96+L99 -> 0 | M93: =M96+M99 -> 0 | ... T93: =T96+T99 -> 0
B94: Bổ sung có mục tiêu từ NSTW | C94: =C97+C100 -> 0 | D94: =D97+D100 -> 0 | E94: =F94+G94+H94+I94+J94+K94+L94+M94+N94+O94+R94+S94+T94 -> 0 | F94: =F97+F100 -> 0 | G94: =G97+G100 -> 0 | H94: =H97+H100 -> 0 | I94: =I97+I100 -> 0 | J94: =J97+J100 -> 0 | K94: =K97+K100 -> 0 | L94: =L97+L100 -> 0 | M94: =M97+M100 -> 0 | ... T94: =T97+T100 -> 0
B95: tỉnh Thái Nguyên | C95: =C96+C97 -> 0 | D95: =D96+D97 -> 0 | E95: =F95+G95+H95+I95+J95+K95+L95+M95+N95+O95+R95+S95+T95 -> 0 | F95: =F96+F97 -> 0 | G95: =G96+G97 -> 0 | H95: =H96+H97 -> 0 | I95: =I96+I97 -> 0 | J95: =J96+J97 -> 0 | K95: =K96+K97 -> 0 | L95: =L96+L97 -> 0 | M95: =M96+M97 -> 0 | ... T95: =T96+T97 -> 0
B96: Chương trình mục tiêu xây dựng nông thôn mới | E96: =F96+G96+H96+I96+J96+K96+L96+M96+N96+O96+R96+S96+T96 -> 0
B97: Bổ sung có mục tiêu từ NSTW | E97: =F97+G97+H97+I97+J97+K97+L97+M97+N97+O97+R97+S97+T97 -> 0
B98: tỉnh Bắc Kạn | C98: =C99+C100 -> 0 | D98: =D99+D100 -> 0 | E98: =E99+E100 -> 15 | F98: =F99+F100 -> 0 | G98: =G99+G100 -> 0 | H98: =H99+H100 -> 0 | I98: =I99+I100 -> 0 | J98: =J99+J100 -> 0 | ... T98: =T99+T100 -> 0
B99: Chương trình mục tiêu xây dựng nông thôn mới | E99: =F99+G99+H99+I99+J99+K99+L99+M99+N99+O99+R99+S99+T99 -> 15 | K99: 15
B100: Bổ sung có mục tiêu từ NSTW | E100: =F100+G100+H100+I100+J100+K100+L100+M100+N100+O100+R100+S100+T100 -> 0
A101: 10 | B101: Sở Nội vụ | C101: =C102+C103 -> 0 | D101: =D102+D103 -> 0 | E101: =F101+G101+H101+I101+J101+K101+L101+M101+N101+O101+R101+S101+T101 -> 686 | F101: =F102+F103 -> 0 | G101: =G102+G103 -> 0 | H101: =H102+H103 -> 0 | I101: =I102+I103 -> 0 | J101: =J102+J103 -> 0 | K101: =K102+K103 -> 0 | L101: =L102+L103 -> 0 | M101: =M102+M103 -> 0 | ... T101: =T102+T103 -> 0
...

Sheet 38,01 TW
A1: PHÒNG TÀI CHÍNH HCSN | I1: Biểu mẫu số 38.1 NSTW | Q1: Biểu mẫu số 38.1 NSTW
A2: DỰ TOÁN CHI CHƯƠNG TRÌNH MỤC TIÊU QUỐC GIA BỔ SUNG TỪ NGÂN SÁCH TRUNG ƯƠNG CHO NGÂN SÁCH CẤP TỈNH NĂM 2025
A3: (Dùng cho ngân sách các cấp chính quyền địa phương)
A4: (Kèm theo Công văn số /STC-HCSN ngày /6/2025 của Sở Tài chính)
J5: Đơn vị: Triệu đồng | Q5: Đơn vị: Triệu đồng
A6: STT | B6: Tên đơn vị (1) | C6: Tổng số | D6: Trong đó | F6: Chương trình mục tiêu quốc gia xây dựng nông thôn mới
D7: Đầu tư phát triển | E7: Kinh phí sự nghiệp | F7: Tổng số | G7: Đầu tư phát triển | J7: Kinh phí sự nghiệp
G8: Tổng số | H8: Vốn trong nước | I8: Vốn ngoài nước | J8: Tổng số | K8: Vốn trong nước | L8: Vốn ngoài nước
A9: A | B9: B | C9: 1= +3 | D9: 2=5+12 | E9: 3=8+15 | F9: 4=5+8 | G9: 5=6+7 | H9: 6 | I9: 7 | J9: 8=9+10 | K9: 9 | L9: 10
B10: TỔNG SỐ | E10: =E11+E12 -> #REF! | J10: =J11+J12 -> #REF! | K10: =K11+K12 -> #REF! | L10: =L11+L12 -> #REF!
B11: Tỉnh Thái Nguyên | C11: =#REF!+#REF!+#REF!+#REF!+#REF!+#REF!+#REF!+#REF!+#REF!+#REF!+#REF!+#REF!+#REF!+#REF!+#REF!+#REF!+#REF!+#REF! -> #REF! | D11: =#REF!+#REF!+#REF!+#REF!+#REF!+#REF!+#REF!+#REF!+#REF!+#REF!+#REF!+#REF!+#REF!+#REF!+#REF!+#REF!+#REF!+#REF! -> #REF! | E11: =#REF!+#REF!+#REF!+#REF!+#REF!+#REF!+#REF!+#REF!+#REF!+#REF!+#REF!+#REF!+#REF!+#REF!+#REF!+#REF!+#REF!+#REF! -> #REF! | G11: =#REF!+#REF!+#REF!+#REF!+#REF!+#REF!+#REF!+#REF!+#REF!+#REF!+#REF!+#REF!+#REF!+#REF!+#REF!+#REF!+#REF!+#REF! -> #REF! | H11: =#REF!+#REF!+#REF!+#REF!+#REF!+#REF!+#REF!+#REF!+#REF!+#REF!+#REF!+#REF!+#REF!+#REF!+#REF!+#REF!+#REF!+#REF! -> #REF! | I11: =#REF!+#REF!+#REF!+#REF!+#REF!+#REF!+#REF!+#REF!+#REF!+#REF!+#REF!+#REF!+#REF!+#REF!+#REF!+#REF!+#REF!+#REF! -> #REF! | J11: =#REF!+#REF!+#REF!+#REF!+#REF!+#REF!+#REF!+#REF!+#REF!+#REF!+#REF!+#REF!+#REF!+#REF!+#REF!+#REF!+#REF!+#REF! -> #REF! | K11: =#REF!+#REF!+#REF!+#REF!+#REF!+#REF!+#REF!+#REF!+#REF!+#REF!+#REF!+#REF!+#REF!+#REF!+#REF!+#REF!+#REF!+#REF! -> #REF! | L11: =#REF!+#REF!+#REF!+#REF!+#REF!+#REF!+#REF!+#REF!+#REF!+#REF!+#REF!+#REF!+#REF!+#REF!+#REF!+#REF!+#REF!+#REF! -> #REF! | M11: =#REF!+#REF!+#REF!+#REF!+#REF!+#REF!+#REF!+#REF!+#REF!+#REF!+#REF!+#REF!+#REF!+#REF!+#REF!+#REF!+#REF!+#REF! -> #REF! | N11: =#REF!+#REF!+#REF!+#REF!+#REF!+#REF!+#REF!+#REF!+#REF!+#REF!+#REF!+#REF!+#REF!+#REF!+#REF!+#REF!+#REF!+#REF! -> #REF! | ... R11: =#REF!+#REF!+#REF!+#REF!+#REF!+#REF!+#REF!+#REF!+#REF!+#REF!+#REF!+#REF!+#REF!+#REF!+#REF!+#REF!+#REF!+#REF! -> #REF!
B12: Tỉnh Bắc Kạn | C12: =#REF!+#REF!+#REF!+#REF!+#REF!+#REF!+#REF!+#REF!+#REF!+#REF!+#REF!+#REF!+#REF!+#REF!+#REF!+#REF!+#REF!+#REF! -> #REF! | D12: =#REF!+#REF!+#REF!+#REF!+#REF!+#REF!+#REF!+#REF!+#REF!+#REF!+#REF!+#REF!+#REF!+#REF!+#REF!+#REF!+#REF!+#REF! -> #REF! | E12: =#REF!+#REF!+#REF!+#REF!+#REF!+#REF!+#REF!+#REF!+#REF!+#REF!+#REF!+#REF!+#REF!+#REF!+#REF!+#REF!+#REF!+#REF! -> #REF! | G12: =#REF!+#REF!+#REF!+#REF!+#REF!+#REF!+#REF!+#REF!+#REF!+#REF!+#REF!+#REF!+#REF!+#REF!+#REF!+#REF!+#REF!+#REF! -> #REF! | H12: =#REF!+#REF!+#REF!+#REF!+#REF!+#REF!+#REF!+#REF!+#REF!+#REF!+#REF!+#REF!+#REF!+#REF!+#REF!+#REF!+#REF!+#REF! -> #REF! | I12: =#REF!+#REF!+#REF!+#REF!+#REF!+#REF!+#REF!+#REF!+#REF!+#REF!+#REF!+#REF!+#REF!+#REF!+#REF!+#REF!+#REF!+#REF! -> #REF! | J12: =#REF!+#REF!+#REF!+#REF!+#REF!+#REF!+#REF!+#REF!+#REF!+#REF!+#REF!+#REF!+#REF!+#REF!+#REF!+#REF!+#REF!+#REF! -> #REF! | K12: =#REF!+#REF!+#REF!+#REF!+#REF!+#REF!+#REF!+#REF!+#REF!+#REF!+#REF!+#REF!+#REF!+#REF!+#REF!+#REF!+#REF!+#REF! -> #REF! | L12: =#REF!+#REF!+#REF!+#REF!+#REF!+#REF!+#REF!+#REF!+#REF!+#REF!+#REF!+#REF!+#REF!+#REF!+#REF!+#REF!+#REF!+#REF! -> #REF! | M12: =#REF!+#REF!+#REF!+#REF!+#REF!+#REF!+#REF!+#REF!+#REF!+#REF!+#REF!+#REF!+#REF!+#REF!+#REF!+#REF!+#REF!+#REF! -> #REF! | N12: =#REF!+#REF!+#REF!+#REF!+#REF!+#REF!+#REF!+#REF!+#REF!+#REF!+#REF!+#REF!+#REF!+#REF!+#REF!+#REF!+#REF!+#REF! -> #REF! | ... S12: =#REF!+#REF!+#REF!+#REF!+#REF!+#REF!+#REF!+#REF!+#REF!+#REF!+#REF!+#REF!+#REF!+#REF!+#REF!+#REF!+#REF!+#REF! -> #REF!
A13: A | B13: CẤP TỈNH | E13: =SUM(E14:E28) -> 28304.77 | J13: =SUM(J14:J28) -> 28304.77 | K13: =SUM(K14:K28) -> 28304.77 | L13: 0 | T13: =K13+1500+800 -> 30604.77
A14: 1 | B14: Sở Khoa học và Công nghệ | E14: 979 | J14: 979 | K14: 979
A15: 2 | B15: Sở Y tế | E15: 103 | J15: 103 | K15: 103
A16: 3 | B16: Sở Tư pháp | E16: 542 | J16: 542 | K16: 542
A17: 4 | B17: Sở Nông nghiệp và Môi trường | E17: 19575.77 | J17: 19575.77 | K17: 19575.77
A18: 5 | B18: Ủy ban Mặt trận Tổ quốc Việt Nam | E18: 547 | J18: 547 | K18: 547
A19: 6 | B19: Hội Liên hiệp Phụ nữ | E19: 920 | J19: 920 | K19: 920
A20: 7 | B20: Hội Nông dân | E20: 1376 | J20: 1376 | K20: 1376
A21: 8 | B21: Liên minh Hợp tác xã | E21: 2738 | J21: 2738 | K21: 2738
A22: 9 | B22: Sở Công thương | E22: 14 | J22: 14 | K22: 14
A23: 10 | B23: Sở Giáo dục và Đào tạo | E23: 80 | J23: 80 | K23: 80
A24: 11 | B24: Sở Nội vụ | E24: 686 | J24: 686 | K24: 686
A25: 12 | B25: Sở Văn hóa, Thể thao và Du lịch | E25: 15 | J25: 15 | K25: 15
... A28: 15 | B28: Sở Tài chính | E28: 15 | J28: 15 | K28: 15
G30: Thái Nguyên, ngày tháng năm 2025
A31: LẬP BIỂU TRƯỞNG PHÒNG P. GIÁM ĐỐC PHỤ TRÁCH
A35: Đinh Thị Thùy Dương Hà Thị Bích Hạnh Phạm Thị Ngọc

Sheet 38.02 ĐP
A1: PHÒNG TÀI CHÍNH HCSN | I1: Biểu mẫu số 38.2 NSĐP
A2: DỰ TOÁN NGÂN SÁCH TỈNH ĐỐI ỨNG CHI CHƯƠNG TRÌNH MỤC TIÊU QUỐC GIA NGÂN SÁCH NĂM 2025
A3: (Dùng cho ngân sách các cấp chính quyền địa phương)
A4: (Kèm theo Công văn số /STC-HCSN ngày /7/2025 của Sở Tài chính)
I5: Đơn vị: Triệu đồng
A6: STT | B6: Tên đơn vị (1) | C6: Tổng số | D6: Trong đó | F6: Chương trình mục tiêu quốc gia xây dựng nông thôn mới
D7: Đầu tư phát triển | E7: Kinh phí sự nghiệp | F7: Tổng số | G7: Đầu tư phát triển | J7: Kinh phí sự nghiệp
G8: Tổng số | H8: Vốn trong nước | I8: Vốn ngoài nước | J8: Tổng số | K8: Vốn trong nước | L8: Vốn ngoài nước
A9: A | B9: B | C9: 1= +3 | D9: 2=5+12 | E9: 3=8+15 | F9: 4=5+8 | G9: 5=6+7 | H9: 6 | I9: 7 | J9: 8=9+10 | K9: 9 | L9: 10
A10: I | B10: CẤP TỈNH | E10: =SUM(E11:E25) -> 317.16 | J10: =SUM(J11:J25) -> 317.16 | K10: =SUM(K11:K25) -> 317.16 | M10: =E10+'38,01 TW'!E13 -> 28621.93
A11: 1 | B11: Sở Khoa học và Công nghệ | E11: 1 | J11: 1 | K11: 1
A12: 2 | B12: Sở Y tế | E12: 6 | J12: 6 | K12: 6
A13: 3 | B13: Sở Tư pháp | E13: 13 | J13: 13 | K13: 13
A14: 4 | B14: Sở Nông nghiệp và Môi trường | E14: 213.16 | J14: 213.16 | K14: 213.16
A15: 5 | B15: Ủy ban Mặt trận Tổ quốc Việt Nam | E15: 3 | J15: 3 | K15: 3
A16: 6 | B16: Hội Liên hiệp Phụ nữ | E16: 6 | J16: 6 | K16: 6
A17: 7 | B17: Hội Nông dân | E17: 9 | J17: 9 | K17: 9
A18: 8 | B18: Liên minh Hợp tác xã | E18: 12 | J18: 12 | K18: 12
A19: 9 | B19: Sở Công thương | E19: 1 | J19: 1 | K19: 1
A20: 10 | B20: Sở Giáo dục và Đào tạo | E20: 4 | J20: 4 | K20: 4
A21: 11 | B21: Sở Nội vụ | E21: 24 | J21: 24 | K21: 24
A22: 12 | B22: Sở Văn hóa, Thể thao và Du lịch | E22: 0 | J22: 0 | K22: 0
A23: 13 | B23: Tỉnh đoàn | E23: 25 | J23: 25 | K23: 25
A24: 14 | B24: Sở Xây dựng
A25: 15 | B25: Sở Tài chính
G26: Thái Nguyên, ngày tháng năm 2025
A27: LẬP BIỂU TRƯỞNG PHÒNG P. GIÁM ĐỐC PHỤ TRÁCH
A31: Đinh Thị Thùy Dương Hà Thị Bích Hạnh Phạm Thị Ngọc
